329 600 165
# Job row format: id skill mach E L P omega | 30 rho draws | rho average
# rho ~ Triangular(0.3, 0.5, 0.7) [low, mode, high] | seed = 42 per instance, stream consumed in job row order | S = 30 draws per job
# The final column of each job row is that job's average of its 30 draws.
1 34 1693 0 72 7.2 288 0.530159 0.344731 0.448332 0.433630 0.554803 0.539177 0.607126 0.383397 0.483722 0.348824 0.432254 0.501074 0.346075 0.426123 0.532640 0.509200 0.432798 0.518730 0.576527 0.322801 0.575363 0.544601 0.464985 0.411527 0.641494 0.464096 0.386137 0.387962 0.589544 0.521950 0.475326
2 33 1107 0 168 1 40 0.575784 0.552958 0.507382 0.653624 0.474019 0.510694 0.583177 0.525305 0.594817 0.516120 0.546266 0.360547 0.435025 0.452155 0.379896 0.436467 0.389889 0.449124 0.529280 0.470841 0.472089 0.429463 0.446145 0.628813 0.532199 0.523168 0.417009 0.552793 0.414334 0.474231 0.494454
3 33 605 0 24 7.2 216 0.671049 0.530294 0.511734 0.541158 0.587876 0.566134 0.435366 0.350676 0.458859 0.446353 0.429918 0.632419 0.600549 0.458664 0.533973 0.477906 0.617319 0.491594 0.445569 0.440464 0.512675 0.444980 0.517700 0.609589 0.478751 0.432460 0.685965 0.501914 0.385280 0.361395 0.505286
4 33 478 0 24 1 30 0.393659 0.527361 0.571028 0.483774 0.371290 0.474727 0.682385 0.505910 0.651899 0.594465 0.330306 0.550527 0.540428 0.507536 0.446103 0.530521 0.394468 0.486497 0.490520 0.639216 0.600342 0.445159 0.500117 0.419550 0.616395 0.598223 0.454517 0.530047 0.523132 0.410576 0.509023
5 33 604 0 24 1 30 0.562163 0.508037 0.566922 0.506166 0.306764 0.461036 0.339473 0.624687 0.601500 0.583954 0.456847 0.368074 0.601211 0.634854 0.382778 0.497178 0.374411 0.561610 0.563131 0.401348 0.494994 0.510222 0.445618 0.598978 0.483987 0.430169 0.508020 0.553012 0.426855 0.457915 0.493730
6 33 1442 0 24 1 40 0.680301 0.532639 0.487211 0.503547 0.398389 0.434074 0.464459 0.518519 0.435680 0.432731 0.375362 0.528210 0.435334 0.613015 0.594032 0.375290 0.437987 0.537268 0.430916 0.402883 0.628175 0.514753 0.494457 0.568735 0.575902 0.423421 0.388059 0.485699 0.484082 0.493292 0.489147
7 33 462 0 24 1 30 0.552779 0.538350 0.664408 0.388732 0.479471 0.464755 0.594804 0.441041 0.423356 0.489444 0.483713 0.449277 0.441367 0.621650 0.488283 0.594681 0.510332 0.363617 0.692424 0.585467 0.650197 0.623249 0.589980 0.415347 0.497107 0.430766 0.479118 0.368490 0.474120 0.665717 0.515401
8 33 471 0 24 1 40 0.445658 0.568568 0.490790 0.483958 0.641566 0.680864 0.511483 0.549909 0.411282 0.454067 0.649968 0.516518 0.508625 0.558007 0.367626 0.517611 0.500571 0.591453 0.412226 0.643985 0.380056 0.421926 0.520008 0.538808 0.437173 0.397933 0.606314 0.440347 0.519893 0.525502 0.509756
9 33 1367 0 24 12.8 256 0.483134 0.517500 0.504610 0.627726 0.427831 0.549319 0.438184 0.477941 0.537936 0.454919 0.459041 0.559107 0.376180 0.491475 0.688880 0.682328 0.376556 0.430585 0.445657 0.626930 0.602374 0.601723 0.471937 0.412338 0.584673 0.545997 0.523745 0.668041 0.533621 0.325017 0.514177
10 33 493 0 24 7.2 288 0.579039 0.454759 0.535900 0.630103 0.403650 0.396095 0.392536 0.510944 0.447607 0.522198 0.549697 0.427624 0.528942 0.445323 0.497693 0.612977 0.589042 0.385929 0.484082 0.448776 0.316842 0.564684 0.529615 0.444763 0.556120 0.510618 0.484973 0.327813 0.377585 0.603297 0.485307
11 33 604 0 24 7.2 216 0.612332 0.509336 0.584968 0.517245 0.408846 0.400973 0.457037 0.610103 0.572289 0.594436 0.610078 0.429638 0.441288 0.390683 0.567370 0.603723 0.480306 0.525796 0.411195 0.625103 0.595925 0.656371 0.576962 0.602600 0.344530 0.554828 0.463018 0.625604 0.574218 0.595717 0.531417
12 33 1444 0 24 1 40 0.576955 0.446097 0.569577 0.392993 0.598873 0.593640 0.433397 0.578868 0.491896 0.456254 0.572045 0.434936 0.343510 0.424300 0.462052 0.595828 0.648533 0.449432 0.530644 0.478814 0.661167 0.507379 0.630279 0.396059 0.651338 0.419522 0.645253 0.445730 0.393125 0.486454 0.510498
13 33 1441 0 24 1 40 0.552635 0.458411 0.522508 0.502298 0.475544 0.515954 0.442751 0.547366 0.311632 0.622838 0.507844 0.550181 0.556320 0.537674 0.470698 0.374819 0.536107 0.462530 0.458472 0.589733 0.550268 0.455003 0.457298 0.480752 0.479421 0.453793 0.400911 0.483400 0.630928 0.539331 0.497581
14 33 605 0 24 1 30 0.611821 0.524618 0.455164 0.509829 0.305699 0.451503 0.485448 0.516694 0.533797 0.492871 0.488077 0.430752 0.494563 0.611087 0.572258 0.416513 0.382363 0.503115 0.528639 0.463753 0.579476 0.558901 0.538209 0.434057 0.426216 0.344204 0.439955 0.494964 0.590360 0.376330 0.485374
15 33 1443 0 24 1 40 0.482086 0.527899 0.424719 0.544142 0.498872 0.439710 0.534122 0.321061 0.558852 0.564367 0.392342 0.484423 0.418621 0.642011 0.503624 0.363384 0.441194 0.589850 0.491094 0.573958 0.536924 0.668878 0.520101 0.636780 0.606802 0.523966 0.550140 0.500958 0.583576 0.509815 0.514476
16 33 508 0 24 7.2 216 0.609317 0.556795 0.494869 0.443998 0.440638 0.529744 0.563124 0.504306 0.527199 0.448215 0.378732 0.451189 0.447435 0.459927 0.508198 0.405214 0.436018 0.543526 0.546747 0.371682 0.480577 0.508712 0.482379 0.428634 0.483334 0.612748 0.517589 0.543929 0.592942 0.563060 0.496026
17 33 1472 0 528 7.2 288 0.474443 0.321718 0.467752 0.559565 0.591722 0.638963 0.483089 0.557878 0.509450 0.521843 0.432827 0.432490 0.486727 0.348187 0.463983 0.539786 0.479848 0.414907 0.493368 0.401046 0.526163 0.346447 0.477543 0.513322 0.346564 0.530944 0.404192 0.492187 0.363425 0.474150 0.469818
18 33 1474 0 528 7.2 288 0.430126 0.461702 0.561791 0.474155 0.559148 0.584043 0.442062 0.380948 0.339378 0.508046 0.697285 0.467323 0.532702 0.567707 0.533088 0.559781 0.636509 0.426289 0.340378 0.410411 0.400487 0.537386 0.513232 0.432050 0.544943 0.563442 0.415858 0.522743 0.557993 0.395722 0.493224
19 33 1473 0 528 7.2 288 0.579767 0.646874 0.392994 0.345324 0.457977 0.539338 0.642154 0.478136 0.549007 0.377973 0.542676 0.527314 0.390289 0.565087 0.590563 0.521207 0.398409 0.664049 0.568132 0.466662 0.485122 0.472179 0.501196 0.465223 0.590301 0.580780 0.391886 0.643991 0.529257 0.582938 0.516227
20 33 623 0 528 7.2 216 0.546979 0.486652 0.554067 0.647444 0.446992 0.576129 0.507786 0.496672 0.486671 0.553310 0.446532 0.591083 0.583632 0.383265 0.602689 0.439675 0.492813 0.523440 0.474124 0.347917 0.590804 0.420612 0.430267 0.572825 0.465006 0.602151 0.545387 0.448666 0.328497 0.635541 0.507588
21 33 624 0 528 7.2 216 0.382759 0.550354 0.497702 0.560907 0.542675 0.531691 0.498156 0.571293 0.386280 0.433145 0.542974 0.456514 0.517037 0.494579 0.506283 0.484500 0.557434 0.462675 0.545820 0.447219 0.441818 0.398247 0.424124 0.397798 0.507306 0.562069 0.421705 0.431570 0.496814 0.551564 0.486767
22 33 1471 0 528 7.2 288 0.656740 0.504990 0.450466 0.389678 0.424617 0.434902 0.419814 0.333643 0.506948 0.448138 0.654652 0.510973 0.544415 0.400510 0.597418 0.498167 0.599092 0.515406 0.493783 0.487717 0.421446 0.364110 0.631335 0.495495 0.580707 0.479044 0.376984 0.527825 0.365488 0.409251 0.484125
23 33 1367 0 528 12.8 256 0.512990 0.455907 0.677942 0.397345 0.562725 0.522533 0.570614 0.434369 0.504567 0.489845 0.488196 0.594233 0.671760 0.456302 0.525880 0.523281 0.555803 0.635248 0.428930 0.429931 0.535180 0.412092 0.417920 0.377493 0.314631 0.489843 0.519736 0.452646 0.436081 0.546887 0.498030
24 33 1476 0 528 7.2 288 0.545854 0.490585 0.541857 0.621980 0.569717 0.526808 0.535363 0.627154 0.484421 0.509120 0.532104 0.614402 0.582231 0.375583 0.415212 0.456872 0.558284 0.514357 0.451950 0.399741 0.542184 0.545012 0.632281 0.500094 0.498755 0.380221 0.356470 0.485909 0.460579 0.441525 0.506554
25 33 1477 0 528 7.2 288 0.385476 0.644799 0.585443 0.515652 0.637254 0.694151 0.538082 0.446836 0.356732 0.560363 0.494010 0.533029 0.618060 0.420495 0.517864 0.529070 0.498338 0.385436 0.466844 0.463293 0.537552 0.593317 0.462432 0.543456 0.451847 0.633784 0.577874 0.510284 0.490751 0.458623 0.518372
26 33 1478 0 528 7.2 288 0.460816 0.651161 0.479817 0.502941 0.669170 0.534509 0.508708 0.481824 0.422501 0.470125 0.560413 0.526889 0.561433 0.427611 0.510099 0.623933 0.487215 0.544629 0.398560 0.653651 0.523109 0.438361 0.412562 0.510440 0.510739 0.386352 0.675112 0.616540 0.492135 0.396940 0.514610
27 33 1479 0 528 7.2 288 0.584118 0.499675 0.549429 0.501782 0.447899 0.585013 0.660245 0.439637 0.510530 0.475177 0.620940 0.501655 0.601746 0.595703 0.448660 0.570387 0.482196 0.627473 0.501554 0.580183 0.450423 0.454546 0.518217 0.690629 0.497917 0.409030 0.507871 0.466162 0.510668 0.508883 0.526612
28 33 1480 0 528 7.2 288 0.490860 0.460444 0.422850 0.544436 0.514916 0.436693 0.565998 0.359091 0.557089 0.546436 0.577170 0.475745 0.535973 0.580249 0.660827 0.499064 0.354420 0.500459 0.518932 0.597902 0.599677 0.487682 0.505259 0.491192 0.550988 0.481103 0.533815 0.411126 0.493802 0.650364 0.513485
29 33 1475 0 528 7.2 288 0.464575 0.543208 0.532629 0.591102 0.591314 0.593922 0.474358 0.459163 0.549991 0.561263 0.598959 0.353590 0.373984 0.528224 0.620466 0.685650 0.557667 0.486327 0.388744 0.528827 0.599036 0.488399 0.543539 0.612102 0.360657 0.572295 0.453197 0.473168 0.407915 0.506334 0.516687
30 33 1470 0 528 7.2 288 0.513652 0.571165 0.416613 0.379483 0.598349 0.525578 0.438803 0.616491 0.407002 0.492073 0.442542 0.442920 0.327419 0.574983 0.611100 0.539404 0.412419 0.487985 0.466269 0.518357 0.530044 0.484241 0.441449 0.588754 0.426243 0.475429 0.496613 0.437755 0.514943 0.515568 0.489788
31 33 377 0 24 1 30 0.675821 0.453683 0.657995 0.534647 0.448184 0.513652 0.541457 0.557079 0.362638 0.522553 0.499344 0.612435 0.451313 0.573149 0.522701 0.467886 0.529499 0.525849 0.539442 0.550582 0.534877 0.586277 0.527547 0.612093 0.531796 0.457209 0.487792 0.516604 0.553674 0.384916 0.524423
32 33 490 0 24 1 30 0.453652 0.557868 0.418538 0.402824 0.508043 0.652242 0.506269 0.616807 0.583543 0.443379 0.581574 0.496336 0.575578 0.557609 0.464612 0.395987 0.645516 0.406116 0.648231 0.594223 0.551465 0.659942 0.648829 0.574968 0.471061 0.570596 0.333369 0.507453 0.490743 0.538217 0.528520
33 33 1367 0 24 8 160 0.538097 0.517695 0.580808 0.630887 0.393100 0.436769 0.344743 0.603765 0.512684 0.617662 0.433077 0.371115 0.581292 0.614859 0.455484 0.480731 0.405746 0.634433 0.456042 0.498519 0.388178 0.605030 0.404178 0.490503 0.537639 0.556652 0.634258 0.483112 0.556409 0.411184 0.505822
34 33 491 0 24 1 30 0.482183 0.389004 0.497858 0.480691 0.637724 0.351160 0.472170 0.488337 0.637107 0.592464 0.389154 0.541426 0.509100 0.657898 0.469393 0.478469 0.423226 0.398857 0.589740 0.490729 0.535749 0.530697 0.520478 0.341335 0.569400 0.439591 0.400369 0.513362 0.374087 0.562933 0.492156
35 33 378 0 24 1 30 0.428735 0.431439 0.597900 0.462126 0.408648 0.610795 0.315061 0.593569 0.407587 0.401977 0.441606 0.418151 0.535332 0.345414 0.334479 0.570380 0.437966 0.460940 0.418066 0.364745 0.556255 0.505287 0.557358 0.495191 0.566738 0.502665 0.393404 0.500769 0.633919 0.358900 0.468514
36 33 315 0 24 1 30 0.568312 0.596842 0.504337 0.491425 0.646354 0.369757 0.495751 0.479247 0.541532 0.498044 0.615006 0.376676 0.380394 0.522980 0.372488 0.448328 0.528670 0.509917 0.461291 0.679269 0.506208 0.490518 0.522332 0.389075 0.545541 0.591480 0.532887 0.564048 0.550558 0.431156 0.507014
37 33 379 0 24 1 30 0.490064 0.435202 0.464665 0.490473 0.482426 0.387217 0.484773 0.536319 0.473044 0.410504 0.621507 0.373285 0.583990 0.386362 0.387893 0.555444 0.577287 0.511611 0.518113 0.512722 0.462394 0.398886 0.468190 0.536376 0.558659 0.597274 0.550617 0.649720 0.521206 0.467725 0.496465
38 33 1164 0 24 7.2 288 0.516243 0.430457 0.534286 0.433939 0.393046 0.588779 0.471479 0.562190 0.515414 0.575813 0.588700 0.654875 0.579477 0.524176 0.530932 0.345829 0.624679 0.583196 0.446273 0.420139 0.545779 0.457222 0.464882 0.322101 0.597966 0.513736 0.479061 0.406536 0.528693 0.349523 0.499514
39 33 316 0 24 1 30 0.557483 0.431189 0.483266 0.465141 0.472059 0.550761 0.566384 0.514009 0.382441 0.364875 0.412218 0.525149 0.538499 0.447541 0.535547 0.497111 0.488052 0.447829 0.559984 0.395422 0.485454 0.450531 0.539622 0.497308 0.536815 0.360278 0.477823 0.520964 0.324799 0.455285 0.476128
40 33 1165 0 24 7.2 288 0.429995 0.404780 0.442974 0.462018 0.324867 0.557737 0.418556 0.474404 0.546032 0.500052 0.584537 0.575485 0.375934 0.594839 0.358174 0.338721 0.620583 0.594970 0.515774 0.515262 0.547553 0.482799 0.395989 0.340848 0.461188 0.573928 0.525214 0.584078 0.619885 0.383967 0.485038
41 33 492 0 24 1 30 0.588460 0.439518 0.518643 0.504851 0.477936 0.457550 0.464806 0.463234 0.415977 0.502108 0.395510 0.502000 0.613246 0.467183 0.552319 0.579650 0.578357 0.437483 0.408238 0.425625 0.521652 0.561498 0.533990 0.419045 0.565196 0.498820 0.559842 0.561400 0.489506 0.622105 0.504192
42 33 1592 0 24 7.2 288 0.513343 0.529190 0.526685 0.595787 0.527308 0.409894 0.373911 0.488087 0.455646 0.448236 0.367036 0.501473 0.457584 0.490140 0.367463 0.583964 0.378348 0.595789 0.592406 0.524503 0.501419 0.492398 0.511176 0.570947 0.608732 0.489681 0.576652 0.533108 0.460381 0.495065 0.498878
43 33 1593 0 24 7.2 288 0.409858 0.370355 0.390995 0.610168 0.465756 0.548822 0.500912 0.417493 0.440782 0.487138 0.487493 0.504603 0.412693 0.472708 0.450438 0.480836 0.464528 0.520642 0.570147 0.532025 0.372615 0.386951 0.539595 0.450771 0.551335 0.534245 0.613440 0.599314 0.463306 0.517296 0.485575
44 33 1547 0 24 1 30 0.406369 0.467289 0.649164 0.544689 0.477078 0.520009 0.629574 0.457374 0.473592 0.570899 0.577749 0.537548 0.583024 0.555439 0.541359 0.505350 0.531720 0.484045 0.470136 0.470317 0.420088 0.430902 0.635297 0.497235 0.434623 0.404906 0.378570 0.588440 0.389951 0.564612 0.506578
45 33 1367 0 24 4.6 92 0.585150 0.603535 0.354953 0.464138 0.563269 0.402391 0.473602 0.413929 0.583843 0.564678 0.576402 0.415079 0.487120 0.481297 0.539093 0.437849 0.488510 0.450978 0.558165 0.489511 0.506922 0.457345 0.576266 0.493704 0.585148 0.471544 0.634965 0.664718 0.492183 0.450139 0.508881
46 33 1545 0 24 1 30 0.474785 0.505570 0.648052 0.578968 0.573908 0.405223 0.441422 0.530573 0.599647 0.511223 0.390593 0.588966 0.590882 0.451013 0.562339 0.447727 0.612963 0.408572 0.487077 0.634525 0.433278 0.489974 0.467233 0.346191 0.365273 0.500402 0.437340 0.679072 0.473185 0.347487 0.499449
47 33 1546 0 24 1 30 0.625610 0.586572 0.532659 0.570812 0.404919 0.451494 0.583299 0.544070 0.405373 0.546517 0.489442 0.320496 0.379612 0.443087 0.585096 0.510011 0.552280 0.505634 0.394313 0.451816 0.455216 0.361806 0.483265 0.571594 0.491230 0.394173 0.612889 0.520387 0.336261 0.503099 0.487101
48 33 1544 0 24 1 30 0.439122 0.407173 0.485308 0.524457 0.438727 0.482552 0.536139 0.382759 0.654971 0.373582 0.505282 0.501471 0.669447 0.511141 0.476738 0.493935 0.529277 0.661053 0.442450 0.336047 0.569929 0.466085 0.553833 0.527549 0.564797 0.554449 0.463100 0.359555 0.509425 0.577855 0.499940
49 33 1367 0 432 4.6 92 0.418352 0.567077 0.492795 0.543895 0.528358 0.577199 0.371050 0.566191 0.491349 0.453217 0.359199 0.426323 0.357901 0.626991 0.503101 0.670501 0.508800 0.442356 0.559513 0.423646 0.468991 0.567589 0.596385 0.462954 0.399790 0.471585 0.605973 0.556698 0.608190 0.475874 0.503395
50 21 1164 0 168 7.2 288 0.654151 0.499239 0.499504 0.622185 0.503893 0.573872 0.552238 0.379462 0.521664 0.580783 0.509312 0.460303 0.380034 0.535299 0.456588 0.521702 0.484633 0.542460 0.467701 0.358210 0.598034 0.467943 0.687836 0.448204 0.660027 0.635443 0.377481 0.529709 0.470484 0.573856 0.518408
51 21 1417 0 168 7.2 288 0.539853 0.638544 0.406875 0.522816 0.567731 0.352763 0.373339 0.566888 0.471191 0.475010 0.513934 0.522257 0.539766 0.636015 0.472514 0.562329 0.515375 0.505981 0.478445 0.532563 0.441311 0.395267 0.554583 0.499809 0.475952 0.512740 0.444714 0.444302 0.488949 0.682947 0.504492
52 7 1813 0 72 7.2 72 0.451149 0.618258 0.498232 0.399050 0.591492 0.490167 0.609968 0.488703 0.383805 0.540483 0.588832 0.459897 0.466715 0.372077 0.508620 0.606761 0.590954 0.548160 0.623750 0.529753 0.571531 0.501759 0.398534 0.426801 0.405405 0.570500 0.345855 0.511113 0.471793 0.574672 0.504826
53 7 1814 0 72 7.2 72 0.510611 0.523807 0.383050 0.457300 0.694308 0.550032 0.505207 0.564107 0.581118 0.376812 0.652993 0.530846 0.489731 0.540027 0.466016 0.601191 0.567414 0.530246 0.420653 0.648050 0.486036 0.615484 0.366581 0.399664 0.410640 0.414772 0.460664 0.547509 0.466379 0.631242 0.513083
54 7 1815 0 72 7.2 72 0.608316 0.588981 0.441592 0.529133 0.510441 0.400068 0.455647 0.506812 0.500515 0.416150 0.631652 0.411065 0.534769 0.550503 0.522267 0.587761 0.513156 0.581758 0.347643 0.360307 0.530637 0.515994 0.532938 0.563460 0.482557 0.530057 0.499607 0.527295 0.452229 0.641110 0.509147
55 7 1816 0 72 7.2 72 0.496559 0.575000 0.541253 0.454255 0.376406 0.369232 0.487533 0.496825 0.427757 0.522610 0.458135 0.549897 0.554178 0.594464 0.655615 0.402280 0.472172 0.512736 0.459779 0.493178 0.446280 0.440831 0.388005 0.452371 0.475305 0.524587 0.440931 0.596195 0.413031 0.461848 0.484642
56 7 1818 0 72 7.2 72 0.516193 0.458168 0.562340 0.499653 0.502967 0.499752 0.457109 0.343059 0.633808 0.501092 0.648376 0.431193 0.468023 0.363586 0.498976 0.602980 0.533689 0.494028 0.507478 0.589428 0.485672 0.603028 0.552354 0.562554 0.471099 0.479015 0.514588 0.424790 0.510944 0.376698 0.503088
57 7 1819 0 72 7.2 72 0.500853 0.562713 0.449592 0.670458 0.540100 0.397493 0.655353 0.477517 0.571905 0.464702 0.630114 0.559990 0.426193 0.501833 0.500016 0.360202 0.404704 0.463228 0.494678 0.491204 0.522520 0.503126 0.461979 0.524061 0.414018 0.672600 0.555589 0.454722 0.464042 0.582796 0.509277
58 7 1820 0 72 7.2 72 0.506576 0.547354 0.454865 0.578591 0.471664 0.538459 0.659898 0.517507 0.572487 0.551763 0.542024 0.346171 0.494852 0.648674 0.568214 0.566183 0.516181 0.550708 0.517467 0.416795 0.527727 0.525583 0.587276 0.408729 0.540182 0.350256 0.635629 0.393764 0.338923 0.458415 0.511097
59 7 1817 0 72 7.2 72 0.410066 0.542647 0.481191 0.565828 0.620261 0.599131 0.554628 0.370587 0.405103 0.428792 0.461257 0.535617 0.505162 0.458430 0.417706 0.616155 0.465488 0.468354 0.564941 0.550581 0.531076 0.543364 0.523382 0.424021 0.440433 0.511976 0.434124 0.653447 0.454302 0.452054 0.499670
60 24 44 0 168 3 60 0.428772 0.546374 0.459258 0.467046 0.627172 0.572064 0.447907 0.398742 0.539158 0.474286 0.660161 0.579460 0.639740 0.574977 0.452434 0.451692 0.548776 0.466460 0.488123 0.443232 0.495771 0.427143 0.507870 0.626801 0.544095 0.404794 0.524655 0.518194 0.439272 0.537478 0.509730
61 24 87 0 168 7.2 144 0.506308 0.529811 0.364802 0.481835 0.549629 0.389686 0.564579 0.320360 0.510338 0.624687 0.480423 0.627907 0.601369 0.495438 0.426319 0.646270 0.460292 0.531690 0.614180 0.384598 0.515421 0.507159 0.551169 0.628821 0.616684 0.418343 0.602941 0.418588 0.619818 0.684958 0.522481
62 33 645 0 72 7.2 216 0.478212 0.499075 0.628787 0.644959 0.623079 0.600700 0.327228 0.514089 0.392650 0.663115 0.450881 0.670470 0.508856 0.498779 0.629892 0.590843 0.493498 0.424197 0.394930 0.414016 0.491607 0.443461 0.422049 0.554843 0.570622 0.514050 0.560654 0.418489 0.592723 0.609244 0.520867
63 33 622 0 168 1.3 39 0.582353 0.503080 0.383301 0.537336 0.421583 0.406061 0.460898 0.440868 0.444440 0.437265 0.559645 0.639360 0.455421 0.551106 0.330247 0.533551 0.543225 0.370498 0.397252 0.456667 0.480093 0.500505 0.608400 0.546002 0.457728 0.396919 0.618088 0.453633 0.524415 0.432402 0.482411
64 33 622 0 168 0.3 9 0.403371 0.410702 0.557939 0.522402 0.482394 0.510102 0.494078 0.507650 0.536072 0.432185 0.440703 0.559926 0.599257 0.380930 0.489050 0.546056 0.379046 0.513274 0.370290 0.509768 0.501100 0.515111 0.409491 0.462017 0.504111 0.396432 0.428188 0.517385 0.385296 0.502086 0.475547
65 26 716 0 120 7 210 0.576288 0.490459 0.502667 0.491165 0.367963 0.492329 0.575715 0.551213 0.477977 0.578824 0.557397 0.516329 0.360193 0.466019 0.371420 0.678318 0.627658 0.374307 0.627213 0.350386 0.480857 0.564051 0.563129 0.658367 0.531686 0.483382 0.676095 0.474924 0.597871 0.613637 0.522595
66 26 722 0 264 7 210 0.473354 0.540684 0.535511 0.508021 0.533515 0.466798 0.419490 0.507596 0.505854 0.552449 0.433474 0.316669 0.342648 0.454496 0.538383 0.509096 0.506492 0.581125 0.440716 0.466411 0.448499 0.629239 0.551682 0.395014 0.576543 0.483137 0.563195 0.603566 0.335379 0.428400 0.488248
67 26 630 0 312 8.5 255 0.389843 0.351828 0.520620 0.545932 0.362403 0.555928 0.479391 0.436920 0.431839 0.595589 0.367198 0.500781 0.452122 0.578604 0.553444 0.459726 0.520650 0.538144 0.460166 0.455374 0.407055 0.535127 0.432979 0.455049 0.369833 0.635825 0.601904 0.615894 0.527024 0.484868 0.487402
68 25 1634 0 264 12.8 384 0.499122 0.652917 0.631640 0.537850 0.569097 0.459683 0.482499 0.409258 0.473542 0.559833 0.494632 0.590215 0.455109 0.547049 0.575349 0.617412 0.512893 0.649235 0.511806 0.403573 0.439387 0.427542 0.531882 0.621121 0.589414 0.386007 0.551564 0.423444 0.446550 0.538426 0.519602
69 25 1636 0 264 12.8 384 0.521769 0.599450 0.422691 0.561927 0.551489 0.512138 0.495835 0.597813 0.463209 0.641362 0.335024 0.629097 0.644920 0.396878 0.694149 0.495739 0.439311 0.522101 0.427910 0.617599 0.510702 0.565989 0.474508 0.506847 0.469531 0.444655 0.502580 0.499455 0.388818 0.661341 0.519828
70 19 1714 0 432 14.5 145 0.493802 0.586768 0.617214 0.472210 0.481974 0.512922 0.433049 0.408045 0.444437 0.627755 0.516510 0.482774 0.410422 0.462448 0.474319 0.584540 0.499860 0.533773 0.541216 0.443479 0.580532 0.648238 0.530694 0.498110 0.416012 0.571930 0.416367 0.550418 0.497649 0.618464 0.511864
71 19 1714 0 432 14.5 145 0.508613 0.530721 0.368546 0.352018 0.589256 0.633781 0.537081 0.562694 0.481635 0.587766 0.436069 0.546943 0.327043 0.501150 0.472789 0.525148 0.536722 0.524847 0.496612 0.497556 0.323000 0.510610 0.330791 0.505973 0.448254 0.657554 0.337033 0.577740 0.538515 0.575475 0.494065
72 28 471 0 72 12.8 512 0.615040 0.392527 0.387779 0.409141 0.423914 0.505363 0.578415 0.446239 0.478190 0.472755 0.480228 0.513453 0.672047 0.434419 0.541014 0.589679 0.533563 0.593499 0.561316 0.386487 0.474187 0.510834 0.367001 0.327496 0.417093 0.499972 0.486314 0.568661 0.513636 0.593402 0.492456
73 26 648 0 120 12.8 384 0.387344 0.505713 0.358345 0.430051 0.597284 0.605155 0.495039 0.361032 0.377122 0.622843 0.610250 0.513133 0.351304 0.624510 0.458615 0.644480 0.518239 0.559218 0.548398 0.478504 0.378454 0.414000 0.438700 0.584987 0.476444 0.609017 0.462906 0.560174 0.405811 0.669639 0.501557
74 26 648 0 120 12.8 384 0.551451 0.500159 0.654677 0.365542 0.486995 0.586395 0.465068 0.564060 0.639906 0.478147 0.565406 0.348683 0.447872 0.675646 0.498112 0.468715 0.631381 0.485870 0.539924 0.535239 0.382798 0.525327 0.572895 0.548503 0.381013 0.411075 0.548126 0.528863 0.555682 0.459167 0.513423
75 26 780 0 264 6.4 192 0.392326 0.320387 0.457039 0.469686 0.446906 0.402959 0.422439 0.489493 0.511265 0.480675 0.345836 0.468265 0.386285 0.520678 0.461104 0.475554 0.452800 0.476136 0.382316 0.611067 0.612917 0.658213 0.514951 0.416476 0.474524 0.405391 0.455211 0.498620 0.371143 0.486478 0.462238
76 26 780 0 264 12.8 384 0.483543 0.496821 0.378446 0.441901 0.440454 0.526803 0.519735 0.425075 0.392508 0.456117 0.636015 0.463026 0.525688 0.574805 0.462368 0.463643 0.578501 0.593984 0.654591 0.404355 0.460166 0.635056 0.426760 0.458539 0.646764 0.649980 0.452695 0.543784 0.498193 0.515800 0.506871
77 31 1190 0 648 4.5 135 0.439262 0.473449 0.578837 0.477299 0.395452 0.513206 0.519385 0.509344 0.540429 0.510284 0.638684 0.492171 0.547256 0.487287 0.452665 0.543242 0.579656 0.572143 0.480918 0.499861 0.528731 0.439146 0.534752 0.549066 0.570101 0.376923 0.672725 0.495803 0.479065 0.501327 0.513282
78 31 1190 0 648 4.5 135 0.620196 0.542954 0.508928 0.570608 0.469595 0.608568 0.507523 0.529866 0.382453 0.564045 0.534495 0.468525 0.531952 0.359529 0.663788 0.539369 0.478800 0.559339 0.647630 0.485571 0.329049 0.443872 0.502147 0.503796 0.516810 0.515660 0.488845 0.476892 0.565046 0.518581 0.514481
79 7 1775 0 72 7.2 216 0.500093 0.466125 0.344328 0.391455 0.482423 0.644667 0.396362 0.631109 0.406461 0.457960 0.490858 0.428644 0.496556 0.495174 0.487225 0.544247 0.459727 0.454988 0.576772 0.395952 0.590156 0.532183 0.539286 0.414666 0.664112 0.439689 0.418137 0.413185 0.512351 0.642355 0.490575
80 7 1787 0 72 7.2 216 0.436193 0.480011 0.421475 0.530407 0.485932 0.348326 0.524297 0.425642 0.519380 0.476371 0.546308 0.428307 0.559238 0.576300 0.370747 0.390223 0.598799 0.422298 0.461489 0.491322 0.444873 0.595171 0.505622 0.530084 0.520438 0.523661 0.518232 0.466835 0.588831 0.525040 0.490395
81 7 1789 0 72 7.2 216 0.577931 0.546635 0.454258 0.524383 0.382342 0.403517 0.397103 0.456302 0.421011 0.543395 0.502177 0.482918 0.405021 0.475205 0.421903 0.529237 0.543394 0.531539 0.697165 0.511302 0.497918 0.405942 0.458639 0.489948 0.365490 0.469479 0.327689 0.404512 0.578416 0.646207 0.481699
82 7 1790 0 72 7.2 216 0.501091 0.498991 0.541179 0.482347 0.586825 0.497727 0.381324 0.349688 0.561741 0.452863 0.448284 0.507669 0.416003 0.491274 0.556478 0.563155 0.510206 0.395168 0.395585 0.565870 0.581099 0.471315 0.580873 0.357696 0.550061 0.509496 0.671400 0.390517 0.583405 0.558960 0.498610
83 7 1783 0 72 7.2 144 0.454327 0.692585 0.489680 0.466991 0.578914 0.487418 0.678014 0.566024 0.437680 0.576940 0.518434 0.467483 0.547883 0.528599 0.415233 0.405541 0.428567 0.428668 0.368910 0.467527 0.449956 0.507910 0.460911 0.546131 0.452140 0.446244 0.593423 0.665927 0.539825 0.387281 0.501839
84 13 102 0 216 1.5 30 0.645427 0.569062 0.619387 0.675483 0.596868 0.400752 0.596493 0.441330 0.548051 0.582861 0.561862 0.539061 0.497881 0.516136 0.446620 0.482038 0.490156 0.528799 0.602071 0.386299 0.503147 0.449191 0.628634 0.471830 0.636915 0.461812 0.314066 0.565578 0.553774 0.553284 0.528829
85 13 102 0 216 1.5 30 0.491510 0.536084 0.469286 0.371179 0.507008 0.432009 0.485395 0.430185 0.446571 0.582814 0.464379 0.516247 0.513697 0.497046 0.465829 0.540639 0.362231 0.389252 0.568513 0.491746 0.399694 0.593286 0.487891 0.307354 0.642056 0.427222 0.542163 0.402728 0.532667 0.412775 0.476982
86 19 1367 0 360 2 40 0.626638 0.448059 0.533768 0.441531 0.472475 0.612273 0.415074 0.478066 0.456335 0.544936 0.436863 0.533984 0.546038 0.309322 0.495306 0.403034 0.434519 0.539996 0.327257 0.543948 0.579040 0.669217 0.483807 0.402830 0.375275 0.475059 0.553239 0.390522 0.458329 0.602425 0.486306
87 19 1367 0 360 2 40 0.404739 0.565378 0.559475 0.403207 0.676235 0.406903 0.506198 0.326038 0.532673 0.487638 0.550985 0.527508 0.410045 0.481485 0.541650 0.594156 0.383277 0.389650 0.559272 0.518798 0.475279 0.645777 0.458620 0.405766 0.448854 0.382097 0.510981 0.521116 0.522821 0.567025 0.492121
88 42 1272 0 72 6.4 64 0.542641 0.589688 0.534689 0.455345 0.503582 0.501914 0.557970 0.453764 0.366072 0.609629 0.639781 0.498975 0.394971 0.499916 0.519762 0.505740 0.657760 0.667606 0.627295 0.402755 0.594478 0.514179 0.470977 0.540737 0.562225 0.639636 0.564462 0.336540 0.373502 0.444827 0.519047
89 43 634 0 24 6.4 64 0.356446 0.369552 0.570166 0.501327 0.527622 0.500210 0.482303 0.545549 0.381205 0.507452 0.524740 0.448988 0.457457 0.502274 0.427498 0.576084 0.507416 0.476801 0.528955 0.584944 0.540264 0.372727 0.544739 0.553019 0.589173 0.368062 0.383048 0.486437 0.490446 0.523101 0.487600
90 44 670 0 24 6.4 64 0.457300 0.556248 0.555961 0.397752 0.547134 0.545468 0.414484 0.638692 0.504655 0.568239 0.550538 0.415573 0.400769 0.567674 0.446633 0.604675 0.564776 0.348461 0.575777 0.447507 0.371483 0.548296 0.515968 0.378521 0.490829 0.469735 0.499922 0.513857 0.471508 0.442861 0.493710
91 41 239 0 24 6.4 64 0.390733 0.515373 0.551078 0.435175 0.501773 0.359355 0.595283 0.439872 0.494271 0.475038 0.409575 0.625790 0.593224 0.510868 0.617029 0.555963 0.483165 0.460450 0.482484 0.550411 0.447311 0.378936 0.472698 0.500409 0.611430 0.419781 0.574888 0.661440 0.639389 0.374257 0.504248
92 40 613 0 48 6.4 64 0.492893 0.450282 0.588590 0.461815 0.510916 0.325249 0.426703 0.513197 0.455925 0.526269 0.492650 0.519266 0.498668 0.565126 0.425035 0.610756 0.561575 0.440036 0.322588 0.481116 0.436528 0.466475 0.586712 0.600883 0.637384 0.310815 0.534423 0.590093 0.552275 0.391192 0.492514
93 19 1367 0 360 8 160 0.506055 0.438034 0.498399 0.369221 0.684403 0.548119 0.386268 0.620640 0.609352 0.503992 0.545299 0.472625 0.654882 0.382415 0.387442 0.403349 0.579988 0.377372 0.514058 0.486544 0.646497 0.437629 0.444497 0.458747 0.573767 0.545268 0.554495 0.459514 0.447501 0.377298 0.497122
94 19 1367 0 360 8 160 0.427346 0.567316 0.517727 0.411503 0.414673 0.493092 0.480336 0.507319 0.646810 0.428883 0.457050 0.445604 0.397944 0.412291 0.541521 0.582148 0.544277 0.356801 0.585431 0.461937 0.385423 0.440917 0.468699 0.502710 0.539297 0.444268 0.672689 0.349865 0.479865 0.490200 0.481798
95 19 1367 0 360 8 160 0.558036 0.441380 0.492259 0.574747 0.405752 0.330928 0.583509 0.662655 0.402261 0.581231 0.472566 0.528023 0.531402 0.517205 0.443895 0.577606 0.341761 0.371818 0.611681 0.488347 0.401505 0.612858 0.583160 0.462862 0.358444 0.492041 0.415927 0.515367 0.580563 0.477764 0.493918
96 6 1853 0 288 7.2 216 0.348565 0.540805 0.417578 0.431062 0.422360 0.449627 0.603428 0.352649 0.525455 0.440224 0.453650 0.481547 0.510409 0.369845 0.449606 0.404780 0.426320 0.603939 0.505231 0.528129 0.574196 0.571889 0.670885 0.567914 0.469496 0.509111 0.496912 0.616419 0.500479 0.476268 0.490626
97 4 1772 0 144 0.8 24 0.419939 0.459719 0.432369 0.608683 0.566895 0.368464 0.673971 0.505976 0.563425 0.694384 0.654375 0.389503 0.534317 0.446021 0.578768 0.618641 0.366878 0.683011 0.432487 0.589187 0.572686 0.468477 0.586588 0.588724 0.418693 0.519450 0.575488 0.544469 0.617045 0.347503 0.527538
98 33 469 0 72 2 60 0.545226 0.635229 0.513154 0.513047 0.422714 0.669024 0.602687 0.498439 0.457239 0.498078 0.384974 0.436418 0.432305 0.505362 0.307395 0.618955 0.426953 0.402172 0.549517 0.619393 0.588388 0.460895 0.341869 0.518145 0.618624 0.565647 0.589178 0.594423 0.643828 0.472879 0.514405
99 33 485 0 72 2 60 0.631837 0.477898 0.389903 0.455374 0.404480 0.412251 0.635933 0.570955 0.643902 0.532472 0.418052 0.649994 0.543427 0.624552 0.569460 0.433637 0.518661 0.418440 0.456671 0.542139 0.400935 0.552713 0.635993 0.635936 0.476997 0.678614 0.647224 0.350898 0.521649 0.620521 0.528384
100 33 370 0 72 2 40 0.649035 0.432935 0.513570 0.628831 0.406073 0.557268 0.437984 0.662455 0.415892 0.604217 0.384250 0.547413 0.530083 0.604775 0.489025 0.445661 0.441291 0.373645 0.443292 0.392966 0.310124 0.475713 0.553736 0.650282 0.603897 0.498612 0.474060 0.509427 0.390079 0.495855 0.497415
101 33 486 0 24 1 40 0.595712 0.532900 0.541800 0.414072 0.376790 0.588919 0.453599 0.459679 0.637815 0.377046 0.416655 0.473311 0.553572 0.509642 0.609722 0.386304 0.519785 0.524192 0.496517 0.349794 0.632143 0.414890 0.606087 0.412108 0.390003 0.428234 0.423283 0.544359 0.550879 0.553024 0.492428
102 33 494 0 24 1 30 0.445675 0.450073 0.437854 0.363015 0.514910 0.586811 0.410848 0.469901 0.484955 0.453506 0.535566 0.521163 0.426388 0.345375 0.416904 0.452790 0.380962 0.588203 0.457061 0.478318 0.497807 0.535328 0.385387 0.509029 0.421616 0.604289 0.471907 0.488844 0.445133 0.492885 0.469084
103 33 495 0 24 2 80 0.434534 0.446577 0.370222 0.559212 0.536897 0.382804 0.465841 0.508469 0.651590 0.518832 0.511024 0.587145 0.579470 0.483004 0.507234 0.596809 0.494900 0.602698 0.495195 0.379476 0.611808 0.548819 0.500421 0.610761 0.573651 0.539385 0.525707 0.398095 0.560627 0.417602 0.513294
104 20 517 0 648 7.2 216 0.664637 0.652811 0.576213 0.400473 0.484038 0.669380 0.486632 0.685220 0.527310 0.584799 0.443635 0.615527 0.617138 0.373219 0.476204 0.478293 0.461524 0.448647 0.491449 0.599388 0.569325 0.526347 0.504564 0.483214 0.482086 0.408885 0.518437 0.560968 0.630516 0.622503 0.534779
105 20 518 0 648 7.2 216 0.512956 0.389885 0.451286 0.507258 0.465860 0.481304 0.475053 0.497096 0.523130 0.354747 0.448436 0.407276 0.523061 0.543453 0.355701 0.606010 0.462848 0.437863 0.557382 0.620419 0.609239 0.340232 0.579132 0.455706 0.449759 0.498317 0.544098 0.388642 0.597589 0.403686 0.482914
106 20 519 0 648 7.2 216 0.654586 0.488279 0.581957 0.446811 0.482597 0.531609 0.422617 0.430043 0.581331 0.556040 0.561290 0.596923 0.580340 0.503078 0.412773 0.457765 0.501364 0.404173 0.590930 0.601748 0.348123 0.424182 0.584390 0.585799 0.441277 0.491091 0.619022 0.546282 0.448048 0.581175 0.515188
107 20 338 0 648 7.2 216 0.501028 0.529216 0.399548 0.349448 0.472619 0.519788 0.419192 0.598208 0.518205 0.467275 0.414373 0.608127 0.558285 0.542228 0.451015 0.475856 0.414160 0.515015 0.647023 0.593084 0.532043 0.539425 0.446720 0.480999 0.340052 0.567427 0.563640 0.326680 0.615865 0.532041 0.497953
108 45 1367 0 72 6.4 128 0.521370 0.326021 0.442096 0.575127 0.456323 0.648638 0.530942 0.484132 0.473545 0.467023 0.441986 0.493225 0.539301 0.581446 0.478248 0.390471 0.502316 0.535648 0.588030 0.473027 0.532034 0.523150 0.454525 0.392997 0.371463 0.669486 0.530435 0.594735 0.444540 0.547972 0.500342
109 26 664 0 168 7.2 288 0.607209 0.454607 0.409519 0.563025 0.610417 0.575238 0.574259 0.521122 0.535204 0.540189 0.550677 0.533964 0.685771 0.444063 0.482990 0.476244 0.353156 0.547178 0.514969 0.423261 0.552095 0.433376 0.507051 0.568820 0.613525 0.537980 0.501468 0.588795 0.587089 0.600600 0.529795
110 26 1312 0 168 7.2 288 0.420378 0.388364 0.401171 0.443848 0.576176 0.562281 0.421018 0.539928 0.463862 0.384522 0.468590 0.556950 0.456738 0.569797 0.462805 0.444377 0.453376 0.590900 0.494018 0.596615 0.517479 0.633247 0.375480 0.605947 0.500095 0.597043 0.474738 0.454494 0.365764 0.592015 0.493734
111 26 1313 0 168 7.2 288 0.404829 0.426585 0.480929 0.514399 0.613569 0.491326 0.459093 0.549180 0.567016 0.497501 0.528194 0.418937 0.529003 0.319419 0.447926 0.561781 0.416140 0.562736 0.497904 0.562470 0.383924 0.524382 0.528766 0.479643 0.647333 0.475115 0.354937 0.426306 0.472766 0.333558 0.482522
112 26 991 0 168 7.2 144 0.460552 0.584494 0.423475 0.539189 0.527185 0.441088 0.543418 0.465976 0.401560 0.475169 0.518599 0.415592 0.581288 0.454454 0.452533 0.552442 0.520305 0.464398 0.605332 0.680968 0.465586 0.611178 0.469529 0.422777 0.635554 0.619108 0.479642 0.435179 0.552262 0.402452 0.506709
113 26 992 0 168 7.2 144 0.554144 0.518824 0.416270 0.471252 0.532797 0.354672 0.600620 0.443049 0.507072 0.362345 0.679370 0.535554 0.533523 0.339741 0.542456 0.482598 0.474414 0.509691 0.494812 0.410680 0.543844 0.528026 0.455207 0.535480 0.535679 0.446963 0.522379 0.404752 0.583605 0.391614 0.490381
114 26 991 0 168 7.2 144 0.550004 0.397050 0.395504 0.392201 0.426062 0.426412 0.445050 0.504684 0.427019 0.545971 0.453714 0.356147 0.499270 0.428901 0.626856 0.462629 0.314800 0.537922 0.613689 0.585190 0.537279 0.409232 0.384892 0.502355 0.551289 0.390018 0.443078 0.435988 0.669888 0.453889 0.472233
115 26 992 0 168 7.2 144 0.492723 0.389357 0.418221 0.356174 0.452464 0.574015 0.458166 0.555374 0.387177 0.560918 0.360590 0.591188 0.535892 0.416795 0.469122 0.487129 0.526059 0.601400 0.386233 0.578333 0.420953 0.479059 0.645089 0.447467 0.475662 0.590701 0.573477 0.532392 0.572535 0.395103 0.490992
116 26 788 0 168 7.2 144 0.544095 0.368496 0.632157 0.412923 0.482434 0.519058 0.574227 0.539599 0.420419 0.474299 0.469375 0.348014 0.541120 0.586347 0.653908 0.402237 0.620199 0.395053 0.481391 0.360645 0.444669 0.458553 0.546265 0.539483 0.563627 0.515967 0.513455 0.657948 0.537481 0.464512 0.502265
117 26 797 0 168 7.2 144 0.504675 0.545231 0.387289 0.535492 0.441018 0.466313 0.539077 0.475471 0.586522 0.512031 0.668748 0.366070 0.531097 0.412045 0.590035 0.591141 0.597791 0.377390 0.498323 0.438821 0.651129 0.363467 0.433479 0.531078 0.479617 0.437113 0.491644 0.573908 0.489335 0.592889 0.503608
118 26 881 0 168 7.2 144 0.489118 0.397450 0.499474 0.533476 0.390617 0.481623 0.511773 0.303685 0.385274 0.522057 0.525430 0.456102 0.501675 0.428639 0.537883 0.636979 0.470492 0.365894 0.433542 0.490675 0.512416 0.525589 0.494553 0.534390 0.549245 0.395508 0.561240 0.433191 0.465253 0.583341 0.480553
119 26 790 0 168 7.2 144 0.646659 0.452835 0.504446 0.545623 0.360517 0.414597 0.406000 0.549496 0.550751 0.392504 0.523558 0.422489 0.625283 0.477290 0.491216 0.567764 0.549478 0.392851 0.482092 0.623385 0.585971 0.518630 0.564987 0.489843 0.534702 0.640799 0.403783 0.499766 0.506168 0.362336 0.502861
120 26 665 0 168 7.2 216 0.628060 0.586445 0.496557 0.501674 0.620583 0.419064 0.516382 0.553165 0.401344 0.476047 0.521237 0.603127 0.500824 0.475422 0.659504 0.617981 0.562123 0.447945 0.646032 0.651413 0.490336 0.403294 0.481713 0.545084 0.558134 0.454638 0.545467 0.594438 0.548178 0.628174 0.537813
121 26 666 0 168 7.2 216 0.528555 0.426772 0.526603 0.452468 0.466203 0.538105 0.661359 0.532689 0.642260 0.500780 0.543619 0.460594 0.396085 0.467866 0.496035 0.514665 0.536821 0.482752 0.557977 0.587355 0.451242 0.589474 0.576163 0.504599 0.344964 0.407825 0.537582 0.426460 0.558631 0.413467 0.504332
122 26 667 0 168 7.2 216 0.451424 0.441580 0.586645 0.542671 0.453660 0.559599 0.350838 0.578025 0.390545 0.597252 0.555637 0.596016 0.556449 0.512654 0.437868 0.568640 0.573137 0.451694 0.536169 0.623311 0.476081 0.641146 0.656021 0.458153 0.510712 0.332206 0.441800 0.525773 0.567614 0.598066 0.519046
123 26 668 0 168 7.2 216 0.583375 0.615851 0.546281 0.532103 0.560031 0.509551 0.521874 0.566178 0.646551 0.453409 0.419139 0.540666 0.422303 0.417914 0.502789 0.473712 0.485150 0.511660 0.402006 0.517569 0.442833 0.462619 0.547603 0.411285 0.410889 0.460656 0.363784 0.626451 0.524639 0.535535 0.500480
124 30 1514 0 72 7.2 288 0.498101 0.515106 0.469254 0.568556 0.459464 0.432654 0.421283 0.373852 0.501031 0.482413 0.507550 0.385765 0.433026 0.430646 0.462944 0.469894 0.432195 0.559332 0.506196 0.683583 0.581236 0.661150 0.326539 0.537258 0.488821 0.612591 0.524205 0.525904 0.642657 0.540639 0.501128
125 25 655 0 168 7.2 216 0.460234 0.617991 0.633660 0.475699 0.508216 0.450420 0.615779 0.580705 0.473195 0.574403 0.488798 0.359229 0.609792 0.424101 0.502799 0.635633 0.415722 0.640857 0.507745 0.324217 0.372372 0.537602 0.565414 0.596058 0.484219 0.391182 0.507699 0.545790 0.656387 0.565898 0.517394
126 30 889 0 168 7.2 216 0.531848 0.630574 0.557702 0.410907 0.491672 0.462903 0.383676 0.365890 0.571692 0.511975 0.515601 0.434951 0.443847 0.476189 0.528004 0.486124 0.336760 0.538333 0.507093 0.530630 0.525266 0.560275 0.517925 0.545309 0.376205 0.624131 0.392146 0.569430 0.455268 0.383189 0.488850
127 30 890 0 168 7.2 216 0.562967 0.487121 0.477789 0.535251 0.494728 0.506809 0.404453 0.476860 0.572716 0.509364 0.643526 0.407359 0.539324 0.617136 0.571943 0.552847 0.472773 0.636417 0.511008 0.511335 0.399292 0.320060 0.520368 0.507574 0.634872 0.456126 0.558098 0.612158 0.465856 0.481693 0.514927
128 30 891 0 168 7.2 216 0.531698 0.502526 0.413474 0.432902 0.585021 0.424684 0.420452 0.573401 0.591281 0.590963 0.626445 0.678670 0.492097 0.510193 0.452487 0.373410 0.388635 0.551835 0.497421 0.462690 0.401278 0.533981 0.389463 0.525533 0.610610 0.459446 0.489873 0.524807 0.456378 0.517609 0.500309
129 30 1490 0 288 7.2 216 0.513571 0.470761 0.459081 0.485107 0.319661 0.440335 0.433124 0.555727 0.486788 0.586902 0.403656 0.553842 0.601161 0.492426 0.469409 0.456326 0.510616 0.418582 0.522603 0.587499 0.593685 0.405831 0.507879 0.445116 0.604642 0.378211 0.377666 0.338606 0.501441 0.349955 0.475674
130 33 1514 0 0 7.2 288 0.517110 0.480030 0.518900 0.613422 0.510600 0.508892 0.689913 0.494341 0.565895 0.471072 0.433658 0.564987 0.553911 0.452578 0.492811 0.502093 0.478165 0.500434 0.535727 0.589721 0.575594 0.524281 0.415185 0.502848 0.488938 0.419715 0.635945 0.534934 0.649195 0.554651 0.525851
131 33 1515 0 0 7.2 288 0.496673 0.469421 0.432308 0.497513 0.370915 0.471915 0.358521 0.428615 0.614082 0.470000 0.493840 0.490713 0.360951 0.660594 0.461015 0.546048 0.504321 0.583260 0.585064 0.445139 0.509076 0.417932 0.533549 0.470950 0.533467 0.585272 0.503361 0.473512 0.613857 0.503302 0.496173
132 33 1516 0 0 7.2 288 0.468023 0.597129 0.497355 0.496389 0.522059 0.500368 0.405439 0.415102 0.378531 0.531116 0.430082 0.422280 0.470229 0.549615 0.397296 0.435749 0.577093 0.550402 0.496269 0.495717 0.429832 0.413577 0.584541 0.342376 0.358750 0.515281 0.413536 0.527847 0.355993 0.515018 0.469766
133 33 1517 0 0 7.2 288 0.366880 0.443739 0.420013 0.642199 0.520971 0.513153 0.338595 0.550213 0.535500 0.450587 0.382824 0.489569 0.675960 0.596967 0.416813 0.583506 0.521302 0.571818 0.580151 0.420626 0.534991 0.445470 0.551457 0.465571 0.490467 0.519024 0.435592 0.475605 0.393197 0.427232 0.492000
134 33 1518 0 0 7.2 288 0.594016 0.500874 0.483258 0.409384 0.387772 0.495114 0.524443 0.355883 0.568506 0.500667 0.396960 0.496416 0.402109 0.521893 0.582534 0.609212 0.565797 0.532484 0.504459 0.472134 0.358950 0.506055 0.435495 0.574238 0.570248 0.474639 0.518682 0.556165 0.561881 0.544233 0.500150
135 33 1519 0 0 7.2 288 0.388416 0.403492 0.495375 0.436386 0.593813 0.450537 0.600709 0.480809 0.422970 0.547461 0.570207 0.516258 0.397089 0.323990 0.533758 0.541954 0.458972 0.470240 0.411276 0.533045 0.442445 0.592288 0.484079 0.471031 0.448475 0.540151 0.559992 0.481819 0.568482 0.496462 0.488733
136 31 1231 0 432 6.4 192 0.472096 0.511302 0.442486 0.456628 0.465977 0.546506 0.554613 0.592296 0.534902 0.557962 0.489017 0.544903 0.413770 0.430983 0.479011 0.464545 0.510385 0.544323 0.546844 0.413398 0.646761 0.320573 0.385364 0.407825 0.622987 0.486628 0.371599 0.433198 0.380020 0.354958 0.479395
137 31 1231 0 432 6.4 192 0.475346 0.664727 0.524265 0.504246 0.548107 0.520550 0.634101 0.580076 0.530363 0.487397 0.427030 0.534322 0.574751 0.451263 0.351853 0.521006 0.503188 0.436138 0.416442 0.353711 0.438349 0.304794 0.412230 0.684043 0.567236 0.468078 0.477796 0.518029 0.503581 0.554928 0.498932
138 33 1606 0 24 0.6 18 0.374090 0.384931 0.450863 0.583300 0.617542 0.466876 0.645806 0.448730 0.522543 0.424748 0.625014 0.515589 0.444529 0.480474 0.392289 0.376098 0.453428 0.634894 0.574443 0.641151 0.600446 0.577737 0.515586 0.543588 0.647889 0.513060 0.564344 0.560708 0.644314 0.491593 0.523887
139 33 1607 0 24 0.6 18 0.491983 0.518193 0.346777 0.396444 0.373514 0.528807 0.678456 0.539230 0.435626 0.458929 0.640298 0.503329 0.327890 0.584130 0.440928 0.386260 0.538432 0.580359 0.377989 0.625917 0.495255 0.468176 0.608051 0.446718 0.634957 0.540779 0.615113 0.499800 0.426386 0.554516 0.502108
140 33 462 0 24 1 30 0.599101 0.428617 0.427363 0.441335 0.525322 0.411712 0.392386 0.620094 0.538956 0.535908 0.524234 0.562667 0.508474 0.358147 0.496426 0.525797 0.498462 0.665779 0.609225 0.597538 0.498153 0.664667 0.618028 0.449738 0.433294 0.515971 0.365817 0.573278 0.495616 0.508327 0.513014
141 21 1704 0 216 7.2 144 0.500496 0.477475 0.541593 0.418254 0.656648 0.544628 0.491848 0.542319 0.330751 0.429847 0.516917 0.461353 0.523995 0.444139 0.509961 0.437736 0.494185 0.524065 0.471096 0.499754 0.429779 0.545265 0.472583 0.592047 0.449567 0.419963 0.402426 0.515803 0.435223 0.389384 0.482303
142 21 1704 0 216 7.2 144 0.446956 0.437348 0.485950 0.474559 0.408016 0.642832 0.409379 0.575314 0.418864 0.499920 0.681157 0.590233 0.503431 0.550484 0.568953 0.454928 0.512840 0.514061 0.478528 0.542658 0.369303 0.577957 0.495252 0.527921 0.489706 0.463623 0.469932 0.512458 0.626159 0.443587 0.505744
143 21 1704 0 216 7.2 144 0.339835 0.398483 0.596993 0.645680 0.426161 0.515803 0.532460 0.418166 0.567428 0.468549 0.538307 0.497483 0.554818 0.606035 0.474601 0.451400 0.528352 0.407647 0.415784 0.575973 0.464290 0.528250 0.514881 0.590055 0.375548 0.413842 0.435120 0.459218 0.452671 0.446280 0.488004
144 21 1704 0 216 7.2 144 0.531393 0.447309 0.488658 0.595236 0.470450 0.518213 0.647484 0.481987 0.421288 0.342989 0.552426 0.535567 0.630971 0.545261 0.380032 0.415554 0.390779 0.371438 0.601487 0.509933 0.345926 0.478216 0.562886 0.381609 0.444901 0.411454 0.533827 0.604280 0.457320 0.440683 0.484652
145 21 1704 0 216 7.2 144 0.450778 0.527137 0.402480 0.586340 0.347809 0.535939 0.594309 0.461295 0.495173 0.655262 0.508289 0.447625 0.488647 0.650638 0.544468 0.419008 0.520575 0.528197 0.529319 0.513235 0.504748 0.530183 0.457394 0.466654 0.508098 0.575006 0.488013 0.471063 0.444169 0.455839 0.503590
146 5 1873 0 48 7.2 72 0.302718 0.578470 0.589708 0.465864 0.493742 0.325795 0.621051 0.634859 0.495360 0.327030 0.485566 0.453081 0.436005 0.324030 0.472892 0.481491 0.512502 0.477708 0.414287 0.554981 0.476573 0.473979 0.445046 0.483791 0.438438 0.562752 0.615126 0.575927 0.541164 0.450911 0.483695
147 30 949 0 72 7.2 72 0.556592 0.576326 0.481748 0.591734 0.420800 0.452209 0.529564 0.525124 0.447549 0.526277 0.422569 0.339391 0.363012 0.507121 0.421963 0.390454 0.446750 0.549055 0.552245 0.436473 0.409794 0.498712 0.465388 0.457880 0.573339 0.687236 0.492600 0.570826 0.462542 0.588124 0.491447
148 47 531 0 72 7.2 72 0.637803 0.366956 0.566031 0.375570 0.493937 0.423998 0.587408 0.579087 0.582783 0.398777 0.563808 0.441128 0.564715 0.488247 0.555119 0.351777 0.492007 0.564647 0.504273 0.662175 0.494489 0.540361 0.458015 0.460764 0.527759 0.358094 0.629245 0.504230 0.442355 0.529946 0.504850
149 20 1165 0 168 7.2 288 0.426087 0.605140 0.595562 0.431996 0.395049 0.528631 0.461124 0.415710 0.448620 0.397836 0.570121 0.326728 0.357961 0.568387 0.494991 0.520270 0.472371 0.384607 0.412320 0.385511 0.525333 0.625622 0.684439 0.526825 0.369152 0.531376 0.545424 0.570838 0.400330 0.436433 0.480493
150 21 1412 24 192 7.2 288 0.661712 0.569942 0.560486 0.575268 0.487343 0.424247 0.542329 0.469273 0.403820 0.609961 0.497039 0.487083 0.453549 0.544318 0.423216 0.422189 0.466773 0.553686 0.448411 0.583845 0.617283 0.511219 0.374230 0.411364 0.453798 0.445148 0.471374 0.307589 0.529830 0.474136 0.492682
151 21 1412 24 192 7.2 288 0.421831 0.338699 0.592978 0.566139 0.438213 0.550602 0.534661 0.507949 0.476066 0.504873 0.499509 0.510573 0.524054 0.460649 0.530508 0.394006 0.504695 0.373037 0.585176 0.401892 0.599399 0.427147 0.497052 0.388884 0.514746 0.585562 0.534572 0.505233 0.545420 0.443091 0.491907
152 21 1164 24 192 7.2 288 0.471197 0.522451 0.375299 0.625280 0.429225 0.498274 0.606093 0.379978 0.573832 0.369685 0.511962 0.629711 0.482418 0.471830 0.547274 0.581221 0.445826 0.357029 0.375040 0.455924 0.633429 0.643848 0.388145 0.551722 0.506436 0.423113 0.505309 0.441071 0.526870 0.419632 0.491637
153 21 1165 24 192 7.2 288 0.558351 0.482249 0.391876 0.529970 0.469225 0.491566 0.536352 0.603180 0.415519 0.420132 0.479233 0.464320 0.412491 0.688806 0.488258 0.467887 0.458784 0.673866 0.461159 0.472446 0.562649 0.485599 0.551910 0.523006 0.513055 0.430821 0.563094 0.623135 0.442573 0.644612 0.510204
154 21 611 24 192 7.2 288 0.489209 0.478234 0.552031 0.663075 0.520170 0.503553 0.677043 0.455394 0.455006 0.433233 0.592565 0.341667 0.580648 0.542449 0.448582 0.511037 0.511601 0.623018 0.411253 0.354945 0.468679 0.405227 0.471367 0.517168 0.436527 0.577061 0.385746 0.478840 0.618948 0.554196 0.501949
155 21 1413 24 192 7.2 288 0.551294 0.571285 0.417610 0.581917 0.542417 0.515877 0.614049 0.520051 0.455021 0.553246 0.515888 0.379235 0.366887 0.564620 0.466836 0.579051 0.482542 0.597172 0.597936 0.434675 0.533334 0.521630 0.330245 0.566559 0.474926 0.456150 0.357398 0.508152 0.409391 0.500481 0.498862
156 21 1592 24 192 7.2 288 0.432905 0.363573 0.553461 0.477287 0.488810 0.520029 0.500948 0.433292 0.452258 0.477611 0.402835 0.381263 0.514839 0.362808 0.478705 0.382500 0.500365 0.565486 0.402127 0.403873 0.512233 0.497557 0.533206 0.425252 0.524728 0.554581 0.440356 0.375707 0.566365 0.460851 0.466194
157 21 1592 24 192 7.2 288 0.622097 0.384662 0.537950 0.484074 0.466927 0.460184 0.519751 0.344006 0.456159 0.668570 0.524779 0.671942 0.488087 0.408007 0.359918 0.579392 0.426392 0.472933 0.560783 0.591470 0.394814 0.366053 0.636088 0.623439 0.597531 0.580045 0.333146 0.543487 0.394352 0.489750 0.499560
158 20 1367 24 456 8 160 0.342660 0.429309 0.507751 0.427688 0.504709 0.443849 0.496576 0.553010 0.406338 0.544760 0.338355 0.517354 0.535934 0.358979 0.416729 0.450735 0.570135 0.525178 0.365168 0.533809 0.325821 0.476328 0.447326 0.591219 0.535100 0.595801 0.339067 0.597009 0.532527 0.435991 0.471507
159 20 788 24 456 2 60 0.474517 0.656744 0.389265 0.458860 0.596762 0.506415 0.422120 0.500130 0.491413 0.623241 0.341462 0.440682 0.505972 0.463357 0.477403 0.412073 0.466560 0.467789 0.526848 0.437464 0.658281 0.500250 0.577327 0.526978 0.601482 0.606363 0.578298 0.348552 0.511308 0.449718 0.500588
160 20 793 24 456 2 60 0.410166 0.609303 0.534333 0.383807 0.474862 0.643861 0.523920 0.526916 0.434886 0.438668 0.410544 0.651451 0.615023 0.462305 0.508633 0.428610 0.405291 0.508449 0.573542 0.595153 0.457226 0.546413 0.504819 0.404020 0.681422 0.655979 0.407760 0.626804 0.618569 0.459373 0.516737
161 20 1104 24 312 2 60 0.511817 0.635876 0.397319 0.459398 0.601873 0.552238 0.563014 0.602074 0.481998 0.481384 0.488256 0.627209 0.607970 0.626925 0.447999 0.567066 0.392421 0.421572 0.562144 0.523814 0.446113 0.513891 0.435915 0.436289 0.541855 0.469531 0.542048 0.495264 0.500465 0.522171 0.515197
162 20 1075 24 312 2 60 0.548216 0.472965 0.591236 0.498282 0.404886 0.424341 0.350778 0.562752 0.334657 0.446931 0.481779 0.556436 0.669332 0.560796 0.372739 0.623634 0.666091 0.596900 0.497978 0.461219 0.491321 0.440509 0.479970 0.357846 0.554489 0.474442 0.458214 0.523706 0.556464 0.519735 0.499288
163 20 617 24 312 4 120 0.505111 0.600314 0.569438 0.504173 0.490076 0.582360 0.358252 0.681749 0.503776 0.477901 0.554445 0.511894 0.503252 0.528104 0.362798 0.452625 0.478447 0.456091 0.582568 0.492114 0.483840 0.524076 0.366059 0.503423 0.406673 0.583344 0.490094 0.551043 0.395151 0.566953 0.502205
164 20 1140 24 312 4 120 0.629483 0.544081 0.404041 0.481892 0.489923 0.419626 0.518962 0.548378 0.427101 0.490721 0.441445 0.542957 0.613820 0.572403 0.549900 0.399416 0.395568 0.489610 0.470398 0.504822 0.475291 0.570715 0.502347 0.636599 0.474053 0.474495 0.563841 0.616216 0.513558 0.534962 0.509887
165 2 1367 24 72 7 140 0.409577 0.597557 0.419622 0.548223 0.483212 0.457358 0.563950 0.488946 0.527131 0.396976 0.402595 0.427390 0.526232 0.442299 0.491550 0.592449 0.508898 0.321449 0.603130 0.437950 0.518641 0.495082 0.481141 0.379702 0.521137 0.439918 0.509704 0.525590 0.511861 0.581764 0.487034
166 2 1367 24 144 6.4 128 0.362558 0.408906 0.533453 0.354200 0.591863 0.536782 0.586163 0.454516 0.620193 0.362630 0.482638 0.419415 0.538035 0.523612 0.542905 0.519993 0.569557 0.419137 0.490859 0.516472 0.625962 0.386314 0.454737 0.471714 0.474112 0.373575 0.484894 0.510363 0.453058 0.403748 0.482412
167 3 1367 24 72 6.4 128 0.543698 0.448167 0.505486 0.504992 0.544008 0.523830 0.393510 0.552957 0.527716 0.667987 0.496705 0.542178 0.627277 0.666868 0.451575 0.523103 0.459120 0.505144 0.680049 0.468251 0.401868 0.512946 0.503981 0.528386 0.498495 0.419969 0.523230 0.547314 0.659264 0.311246 0.517977
168 2 612 24 96 3 120 0.343806 0.526901 0.397129 0.589753 0.573371 0.690998 0.481998 0.463412 0.512472 0.529707 0.330063 0.426866 0.450100 0.570446 0.456913 0.501342 0.460978 0.322147 0.541466 0.465254 0.551513 0.524727 0.348264 0.418534 0.462607 0.464423 0.538129 0.618104 0.572644 0.531632 0.488857
169 7 1823 24 96 7.2 72 0.496264 0.527304 0.607074 0.507535 0.463734 0.568543 0.481979 0.556497 0.585146 0.454750 0.551666 0.458872 0.507311 0.429077 0.541379 0.573362 0.605355 0.468189 0.650695 0.449789 0.349938 0.663799 0.527144 0.587717 0.514739 0.476537 0.520043 0.595921 0.559015 0.546446 0.527527
170 7 1812 24 96 7.2 72 0.458619 0.350302 0.481960 0.499410 0.437882 0.490138 0.637216 0.431496 0.455517 0.394755 0.568834 0.566670 0.616743 0.488420 0.344663 0.496502 0.500011 0.423357 0.621840 0.553696 0.504783 0.565995 0.407068 0.598728 0.580715 0.629586 0.539181 0.403041 0.551560 0.491702 0.503013
171 7 1822 24 96 7.2 72 0.548653 0.504520 0.318133 0.626427 0.541773 0.519842 0.383463 0.493262 0.360755 0.504159 0.534830 0.458109 0.516165 0.458024 0.607107 0.460220 0.424111 0.448768 0.459787 0.487854 0.397016 0.409296 0.447956 0.334936 0.526321 0.502832 0.428554 0.467408 0.459621 0.406417 0.467877
172 7 1824 24 96 7.2 72 0.546209 0.450537 0.439950 0.375495 0.524105 0.464618 0.488393 0.402009 0.494059 0.538878 0.392055 0.365605 0.484709 0.419661 0.520249 0.519502 0.585518 0.544917 0.524801 0.458099 0.579150 0.548448 0.537734 0.506813 0.654115 0.560212 0.493017 0.402682 0.577640 0.619845 0.500634
173 12 149 24 240 0.8 24 0.493551 0.490910 0.541123 0.547741 0.492955 0.436145 0.433804 0.594585 0.524944 0.616507 0.477105 0.544981 0.536337 0.570009 0.603007 0.490428 0.349205 0.495004 0.467676 0.492092 0.416894 0.563748 0.522110 0.400953 0.390745 0.579187 0.572488 0.461461 0.532537 0.571138 0.506979
174 22 815 24 192 2 80 0.506660 0.479068 0.481866 0.525845 0.509831 0.654298 0.475229 0.465097 0.577989 0.519107 0.568642 0.486623 0.569563 0.509113 0.437449 0.535711 0.378940 0.625630 0.515433 0.497308 0.519371 0.492439 0.511339 0.580676 0.418718 0.640592 0.374623 0.393271 0.578038 0.564750 0.513107
175 22 825 24 192 2 80 0.474106 0.498856 0.535116 0.385104 0.579015 0.605031 0.612025 0.529385 0.303840 0.408342 0.409258 0.506352 0.476631 0.516246 0.425113 0.540380 0.459147 0.514587 0.616671 0.456090 0.632670 0.486489 0.662669 0.465955 0.384516 0.325486 0.667041 0.479822 0.401017 0.453410 0.493679
176 22 802 24 336 2 60 0.471866 0.510028 0.365193 0.545949 0.580251 0.469527 0.594643 0.596339 0.437183 0.545655 0.477599 0.459531 0.474995 0.474715 0.509237 0.535680 0.494909 0.422712 0.475407 0.622273 0.586850 0.411092 0.685734 0.537536 0.403645 0.375761 0.335449 0.550692 0.497322 0.486919 0.497823
177 22 549 24 456 0.5 10 0.672025 0.382299 0.530824 0.482396 0.491003 0.570055 0.522108 0.484544 0.419932 0.501892 0.510696 0.489746 0.468596 0.421915 0.522140 0.516248 0.589295 0.437623 0.500346 0.481293 0.509457 0.471341 0.658271 0.514129 0.546347 0.395148 0.496272 0.542646 0.406616 0.553383 0.502953
178 22 552 24 336 0.8 32 0.663755 0.663854 0.566995 0.492860 0.379112 0.606156 0.384117 0.494412 0.556246 0.643723 0.379035 0.528813 0.572909 0.458114 0.364976 0.465782 0.566892 0.493674 0.502549 0.493749 0.554072 0.483525 0.643844 0.572948 0.452107 0.353161 0.621445 0.558416 0.552209 0.513175 0.519421
179 22 605 24 96 2 60 0.370096 0.494558 0.416303 0.364262 0.672236 0.576354 0.526637 0.451477 0.381245 0.501122 0.590984 0.449090 0.402971 0.449926 0.593364 0.333708 0.394467 0.418191 0.519284 0.409958 0.489030 0.576013 0.444569 0.545281 0.496961 0.573310 0.594934 0.465614 0.382171 0.407729 0.476395
180 33 1595 24 192 7.2 216 0.627304 0.411050 0.499188 0.677347 0.564462 0.437970 0.487656 0.529724 0.429879 0.554222 0.466151 0.530828 0.560138 0.396330 0.415793 0.478605 0.455272 0.557494 0.559267 0.506614 0.474310 0.546535 0.494852 0.407759 0.598129 0.330807 0.623697 0.489488 0.539624 0.644692 0.509840
181 33 1594 24 192 7.2 216 0.540721 0.357284 0.618864 0.529688 0.640794 0.485857 0.619027 0.593550 0.463699 0.446175 0.388669 0.533709 0.476896 0.565286 0.558322 0.554209 0.518611 0.424876 0.464294 0.542591 0.419972 0.509761 0.538210 0.583962 0.330934 0.388408 0.391173 0.488879 0.432489 0.450545 0.495249
182 33 1596 24 192 7.2 216 0.424283 0.343544 0.385763 0.629860 0.534255 0.585269 0.637064 0.529843 0.547180 0.397970 0.592833 0.401944 0.534204 0.610511 0.513682 0.648748 0.608787 0.543962 0.442362 0.493278 0.628548 0.530007 0.621359 0.448697 0.484821 0.612087 0.564318 0.460849 0.413830 0.376940 0.518227
183 26 739 24 288 7 210 0.566465 0.474997 0.463133 0.369316 0.640405 0.445510 0.487739 0.498337 0.624415 0.523433 0.419480 0.498405 0.407284 0.563973 0.432178 0.531083 0.616386 0.549109 0.390901 0.376378 0.514818 0.441590 0.488867 0.609011 0.409125 0.530373 0.626730 0.536197 0.445996 0.545095 0.500891
184 25 1635 24 288 12.8 384 0.612647 0.515531 0.503101 0.630667 0.498127 0.486774 0.588304 0.567618 0.568968 0.508194 0.316266 0.639440 0.579327 0.496381 0.513934 0.627912 0.469450 0.540460 0.479023 0.528483 0.642606 0.385167 0.507049 0.644090 0.380228 0.491758 0.563328 0.532141 0.418867 0.356094 0.519731
185 27 1592 24 312 12.8 512 0.475309 0.423613 0.544021 0.608988 0.528097 0.469531 0.382395 0.528604 0.554487 0.405808 0.424288 0.550264 0.519544 0.497835 0.370989 0.508282 0.456903 0.506907 0.584848 0.489591 0.681743 0.354437 0.366965 0.569701 0.358525 0.397237 0.575776 0.536860 0.491493 0.539520 0.490085
186 27 611 24 192 6.4 256 0.599703 0.409162 0.516554 0.622445 0.354316 0.406429 0.533586 0.494159 0.619016 0.360532 0.545416 0.402191 0.417388 0.363219 0.456802 0.571531 0.491036 0.416855 0.519123 0.579269 0.392231 0.499428 0.573248 0.432838 0.574925 0.484654 0.577206 0.662256 0.539600 0.461055 0.495872
187 27 611 24 192 12.8 512 0.656048 0.515819 0.404816 0.585607 0.571346 0.562662 0.519575 0.463830 0.398283 0.406296 0.482243 0.544127 0.510983 0.487331 0.622890 0.357061 0.389428 0.589498 0.523919 0.566632 0.335361 0.497376 0.322538 0.419804 0.384447 0.533088 0.604885 0.482477 0.575875 0.565111 0.495979
188 27 1592 24 192 6.4 256 0.543120 0.428424 0.530253 0.504672 0.481556 0.629624 0.523487 0.354861 0.420000 0.499978 0.636943 0.527302 0.568116 0.466818 0.319121 0.437299 0.396957 0.506134 0.387491 0.470153 0.561762 0.508109 0.432447 0.564451 0.534913 0.448708 0.424489 0.572442 0.541316 0.649859 0.495694
189 27 1592 24 192 12.8 512 0.494815 0.418768 0.537554 0.358730 0.531444 0.451014 0.486477 0.463535 0.575149 0.560977 0.358868 0.555894 0.622469 0.418621 0.569001 0.496990 0.396360 0.608383 0.550709 0.519491 0.461486 0.426096 0.539215 0.461415 0.567026 0.461526 0.388573 0.555155 0.597975 0.473328 0.496901
190 27 1593 24 192 6.4 256 0.432865 0.494111 0.496857 0.606400 0.407681 0.624046 0.490786 0.476030 0.404462 0.550286 0.528424 0.655779 0.427188 0.400881 0.543082 0.369081 0.404499 0.591060 0.491537 0.417030 0.465789 0.604673 0.521929 0.570245 0.529823 0.523711 0.416597 0.651121 0.592298 0.383174 0.502382
191 27 1593 24 192 12.8 512 0.593032 0.497831 0.681376 0.519242 0.585803 0.449445 0.553035 0.554722 0.440472 0.461814 0.516581 0.606972 0.519284 0.409168 0.515327 0.320155 0.660184 0.356610 0.494042 0.563943 0.351862 0.506324 0.495810 0.572884 0.580431 0.490251 0.438712 0.512061 0.331525 0.553518 0.504414
192 27 1592 24 312 4 160 0.636713 0.403039 0.453829 0.532105 0.385196 0.495915 0.456163 0.545936 0.593387 0.557813 0.344194 0.490754 0.564896 0.599680 0.480080 0.570342 0.472144 0.492727 0.528746 0.594315 0.375206 0.607668 0.463195 0.351158 0.484587 0.446912 0.634331 0.508675 0.571775 0.569675 0.507038
193 27 1592 24 96 12.8 512 0.380478 0.602367 0.554607 0.366219 0.633862 0.538669 0.605333 0.394220 0.471018 0.525445 0.471014 0.418412 0.512126 0.373215 0.547511 0.427973 0.661272 0.438169 0.395313 0.495651 0.630228 0.516723 0.642801 0.429551 0.557176 0.434294 0.467979 0.446249 0.540057 0.448901 0.497561
194 27 612 24 192 4 160 0.371201 0.466187 0.497226 0.505410 0.399080 0.547639 0.539578 0.506683 0.452909 0.525862 0.573478 0.633888 0.576322 0.631226 0.372458 0.607007 0.491389 0.380085 0.609643 0.451888 0.641095 0.393537 0.448578 0.544329 0.499264 0.599997 0.504181 0.527321 0.453146 0.650664 0.513376
195 28 325 24 336 6.4 192 0.508466 0.402773 0.466541 0.488438 0.531402 0.452713 0.370965 0.598726 0.436331 0.635161 0.531399 0.481481 0.465600 0.531727 0.461569 0.519635 0.544273 0.587539 0.488734 0.455970 0.402744 0.570184 0.417213 0.444224 0.496823 0.651605 0.564280 0.361527 0.468076 0.490982 0.494237
196 28 325 24 336 6.4 192 0.415365 0.622093 0.548161 0.451062 0.653702 0.586627 0.543248 0.536625 0.410810 0.437958 0.357377 0.459154 0.400588 0.444335 0.421490 0.512914 0.352679 0.459234 0.465855 0.472723 0.508139 0.414052 0.455322 0.620217 0.479903 0.499883 0.407846 0.491424 0.460054 0.318535 0.473579
197 29 641 24 312 6.4 192 0.555361 0.655819 0.462796 0.546495 0.494712 0.452270 0.633073 0.660696 0.515333 0.408474 0.513502 0.613689 0.488065 0.542303 0.553478 0.610635 0.405612 0.510466 0.456992 0.479250 0.587173 0.488886 0.386014 0.366353 0.530604 0.517447 0.433310 0.628259 0.449111 0.342472 0.509622
198 29 641 24 312 6.4 192 0.507836 0.488777 0.537903 0.383607 0.502372 0.424724 0.459438 0.522254 0.632711 0.614418 0.469956 0.408792 0.591853 0.471960 0.472703 0.450904 0.467656 0.657596 0.599721 0.383713 0.552448 0.488514 0.675664 0.574680 0.451956 0.575316 0.651306 0.484137 0.608974 0.405667 0.517252
199 28 326 24 168 6.4 192 0.518271 0.382983 0.428929 0.494856 0.597054 0.667305 0.372727 0.643499 0.560319 0.384118 0.480989 0.617252 0.482102 0.511493 0.547749 0.560070 0.404662 0.421986 0.474761 0.511080 0.358126 0.582101 0.584964 0.455927 0.512230 0.492552 0.346338 0.313990 0.444963 0.640688 0.493136
200 28 326 24 168 12.8 384 0.584846 0.494431 0.533582 0.607344 0.482682 0.498371 0.541973 0.439929 0.397716 0.448921 0.678708 0.373062 0.557330 0.516930 0.513576 0.597373 0.527488 0.495149 0.543602 0.397809 0.502521 0.515666 0.588745 0.414139 0.368417 0.459920 0.601336 0.404114 0.414301 0.447694 0.498256
201 27 1559 24 192 4 120 0.483197 0.616145 0.468756 0.452278 0.506013 0.628623 0.502793 0.563308 0.421078 0.386952 0.559324 0.508942 0.598982 0.582296 0.541247 0.455196 0.541367 0.542100 0.387560 0.516707 0.581110 0.332122 0.503668 0.472746 0.496957 0.465000 0.615519 0.390518 0.411195 0.433000 0.498823
202 27 1559 24 192 4 120 0.422774 0.609251 0.524143 0.583868 0.505198 0.506526 0.510498 0.560374 0.395485 0.491936 0.378179 0.579616 0.621723 0.495861 0.457879 0.470310 0.579017 0.606075 0.520590 0.562476 0.465419 0.547657 0.347966 0.578205 0.433374 0.592973 0.406718 0.434633 0.400138 0.402066 0.499698
203 27 1560 24 192 4 120 0.379299 0.542728 0.568556 0.378860 0.565744 0.560668 0.358321 0.392873 0.571331 0.502714 0.368857 0.397539 0.442271 0.372800 0.536926 0.559872 0.568052 0.620049 0.428188 0.611084 0.421583 0.467698 0.385219 0.588955 0.631791 0.635995 0.466814 0.413334 0.500127 0.552638 0.493030
204 27 1560 24 192 4 120 0.439089 0.514578 0.389042 0.516290 0.333448 0.431757 0.423789 0.450162 0.611303 0.507569 0.654026 0.388853 0.430848 0.500841 0.547096 0.471222 0.518756 0.487545 0.641861 0.420283 0.468481 0.474268 0.430927 0.434923 0.395014 0.664915 0.399445 0.393943 0.404274 0.562094 0.476888
205 27 1593 24 96 6.4 256 0.546307 0.511773 0.356997 0.462016 0.396218 0.450628 0.521202 0.457989 0.656346 0.488458 0.511091 0.452470 0.592433 0.422893 0.374624 0.587238 0.495075 0.539783 0.419766 0.689894 0.498323 0.391726 0.487202 0.534724 0.382465 0.407095 0.479025 0.519015 0.390210 0.622690 0.488189
206 27 1593 24 96 12.8 512 0.657908 0.371950 0.655465 0.464592 0.519991 0.672667 0.399101 0.586196 0.551730 0.449270 0.548605 0.517116 0.447776 0.570229 0.531200 0.478938 0.495105 0.521824 0.479876 0.496882 0.449370 0.563765 0.392967 0.441616 0.499454 0.527575 0.403772 0.389265 0.365025 0.373880 0.494104
207 27 1592 24 96 1 40 0.539528 0.652733 0.474959 0.539801 0.410539 0.526096 0.387788 0.378239 0.559035 0.563639 0.571231 0.427101 0.535584 0.498040 0.444683 0.465799 0.594046 0.509552 0.638408 0.350278 0.485560 0.617508 0.475187 0.458634 0.473513 0.491762 0.351272 0.511674 0.594306 0.455703 0.499407
208 27 1592 24 96 16 640 0.546653 0.498289 0.403726 0.549195 0.497475 0.393544 0.538761 0.535095 0.541349 0.515005 0.495123 0.592056 0.501342 0.476949 0.498935 0.651726 0.524943 0.467991 0.657841 0.460121 0.347453 0.360079 0.585784 0.467063 0.556350 0.346390 0.606766 0.465229 0.388250 0.466167 0.497855
209 27 1592 24 96 12.8 512 0.469084 0.467635 0.535377 0.440745 0.532210 0.519452 0.615331 0.372388 0.456183 0.464340 0.339711 0.461522 0.492023 0.595451 0.514107 0.611190 0.446046 0.544041 0.518449 0.666254 0.473836 0.476703 0.515076 0.576170 0.389468 0.538782 0.463943 0.500554 0.562859 0.464812 0.500791
210 27 1593 24 96 12.8 512 0.524461 0.470490 0.486760 0.499389 0.589486 0.569509 0.586998 0.507300 0.451619 0.361664 0.682628 0.479338 0.434428 0.556581 0.385771 0.588353 0.387056 0.464156 0.373359 0.573884 0.494991 0.429534 0.572141 0.533036 0.455395 0.574821 0.486099 0.508156 0.426515 0.479399 0.497777
211 27 1593 24 96 5.7 228 0.526787 0.490416 0.562433 0.420200 0.338578 0.545943 0.595199 0.516009 0.430523 0.644949 0.556392 0.493348 0.629099 0.506655 0.524369 0.564094 0.486274 0.513692 0.527201 0.504505 0.470710 0.408718 0.409717 0.541332 0.454990 0.486631 0.459663 0.583455 0.371793 0.427611 0.499710
212 27 1592 24 192 6.4 256 0.481645 0.581243 0.531725 0.443233 0.521390 0.480192 0.395314 0.423908 0.440168 0.582434 0.492699 0.512346 0.486790 0.531934 0.354409 0.412910 0.404472 0.443777 0.574633 0.534754 0.418654 0.591380 0.646176 0.497148 0.339909 0.594013 0.381941 0.521473 0.596916 0.610815 0.494280
213 27 1592 24 192 6.4 256 0.480445 0.470513 0.534454 0.384997 0.632568 0.551470 0.406042 0.394629 0.554255 0.626753 0.504441 0.583032 0.636549 0.626003 0.441932 0.603902 0.438008 0.398905 0.575642 0.462305 0.517643 0.476624 0.558120 0.437386 0.483928 0.407435 0.418374 0.650948 0.487505 0.442634 0.506248
214 27 1593 24 312 6.4 256 0.518778 0.498062 0.473137 0.635944 0.459120 0.484126 0.540686 0.645826 0.601789 0.628991 0.470411 0.549181 0.580456 0.341060 0.648468 0.522420 0.587385 0.535616 0.631209 0.542693 0.570016 0.438470 0.510839 0.457294 0.642369 0.470377 0.577444 0.398814 0.596831 0.593284 0.538370
215 27 1593 24 312 6.4 256 0.476289 0.615048 0.477308 0.658041 0.442978 0.384971 0.580906 0.437247 0.429734 0.606297 0.617971 0.528268 0.601803 0.563396 0.480286 0.352063 0.596634 0.581071 0.631005 0.494132 0.481761 0.587275 0.549637 0.600707 0.580080 0.581476 0.544689 0.501271 0.467775 0.521588 0.532390
216 27 605 24 96 4 120 0.577829 0.555165 0.490423 0.346777 0.364559 0.530670 0.527990 0.570700 0.404343 0.479033 0.527558 0.458423 0.381108 0.412365 0.503300 0.650737 0.583594 0.562352 0.589351 0.541445 0.571203 0.459850 0.495625 0.554445 0.444410 0.541878 0.582278 0.573360 0.426068 0.482098 0.506298
217 27 605 24 96 6.4 192 0.420628 0.600558 0.633521 0.603809 0.434011 0.635570 0.621572 0.531978 0.527171 0.613673 0.654505 0.425942 0.545407 0.416192 0.479117 0.485236 0.444266 0.384409 0.471562 0.635034 0.396892 0.549956 0.486582 0.619995 0.490517 0.538410 0.397370 0.548623 0.423465 0.594905 0.520362
218 27 605 24 96 6.4 192 0.567976 0.451779 0.498830 0.402059 0.592795 0.521133 0.680419 0.450457 0.539299 0.482938 0.480781 0.408053 0.452366 0.444720 0.525113 0.613897 0.471962 0.541070 0.491450 0.328734 0.403230 0.460809 0.543290 0.541722 0.548563 0.547279 0.554701 0.443171 0.387306 0.368558 0.491482
219 26 783 24 288 6.4 192 0.463184 0.437067 0.614315 0.683849 0.630328 0.648783 0.520720 0.558082 0.360340 0.442452 0.525566 0.455565 0.477696 0.472256 0.649449 0.512290 0.516803 0.444303 0.500751 0.625342 0.601165 0.402731 0.459328 0.506180 0.406507 0.396682 0.359439 0.401142 0.598681 0.585041 0.508534
220 26 783 24 288 25.6 768 0.557964 0.623182 0.450446 0.600778 0.524030 0.561888 0.445261 0.458243 0.607338 0.458882 0.679148 0.562501 0.410005 0.591569 0.534451 0.572947 0.365252 0.409040 0.435605 0.353563 0.444284 0.546628 0.486854 0.680408 0.623688 0.357126 0.468883 0.547430 0.497018 0.498593 0.511767
221 1 1802 24 888 0.6 12 0.588946 0.596803 0.399460 0.386523 0.597306 0.420218 0.416033 0.501755 0.447727 0.606574 0.517940 0.517473 0.652357 0.505273 0.514698 0.482520 0.378402 0.563839 0.539229 0.605076 0.345574 0.540328 0.540160 0.477577 0.518967 0.637531 0.585799 0.410915 0.380530 0.583621 0.508638
222 1 1803 24 888 0.6 12 0.534964 0.490590 0.640135 0.519823 0.321551 0.650823 0.534150 0.637324 0.461224 0.553452 0.554211 0.641624 0.514346 0.430036 0.362407 0.531155 0.460791 0.366654 0.375219 0.637968 0.474675 0.478630 0.419335 0.647122 0.596276 0.384469 0.591315 0.414172 0.567182 0.450980 0.508087
223 1 1804 24 888 0.6 12 0.559304 0.533642 0.398225 0.498161 0.485980 0.575534 0.457506 0.541245 0.402484 0.536420 0.584087 0.502547 0.497914 0.604256 0.495231 0.513036 0.483972 0.560427 0.577035 0.524243 0.486356 0.484611 0.356877 0.465347 0.492567 0.433934 0.541567 0.411380 0.499062 0.527851 0.501027
224 42 787 24 96 6.4 64 0.504998 0.452500 0.487052 0.613841 0.495471 0.409035 0.401110 0.611865 0.587408 0.504673 0.453748 0.361792 0.378247 0.360063 0.392793 0.484372 0.386941 0.535283 0.514200 0.442374 0.442789 0.380880 0.500690 0.395472 0.535459 0.419851 0.420734 0.477304 0.381629 0.600705 0.464443
225 41 239 24 48 6.4 64 0.454311 0.518277 0.490787 0.537583 0.526520 0.445623 0.648401 0.598548 0.422374 0.421684 0.557741 0.522023 0.598655 0.392230 0.506998 0.321628 0.396614 0.417213 0.495370 0.542979 0.597542 0.647696 0.521537 0.497327 0.525300 0.654325 0.469877 0.538458 0.542594 0.477763 0.509599
226 40 613 24 72 6.4 64 0.455604 0.400036 0.333318 0.394620 0.335649 0.651437 0.593797 0.429377 0.532339 0.532606 0.486717 0.527040 0.570389 0.423585 0.455156 0.492546 0.494728 0.341777 0.415275 0.410425 0.545753 0.646235 0.494214 0.594093 0.517841 0.426914 0.514405 0.584705 0.363826 0.325099 0.476317
227 37 531 24 96 6.4 64 0.528049 0.548499 0.659490 0.589951 0.554970 0.520187 0.511173 0.452519 0.497483 0.497201 0.519122 0.523704 0.539667 0.578901 0.497565 0.548815 0.505744 0.483740 0.458959 0.371280 0.607427 0.482677 0.494595 0.498955 0.630123 0.466557 0.544440 0.340799 0.451792 0.424000 0.510946
228 1 1798 24 888 7.2 72 0.465855 0.436265 0.432575 0.614710 0.464719 0.521585 0.587739 0.534340 0.402434 0.453204 0.548049 0.643293 0.584442 0.538286 0.554284 0.572242 0.573431 0.588476 0.526067 0.450322 0.558368 0.536796 0.401625 0.426328 0.522405 0.389846 0.482425 0.677670 0.455859 0.429440 0.512436
229 28 508 24 192 4 120 0.361351 0.338085 0.602391 0.469007 0.412643 0.582679 0.608112 0.350573 0.371367 0.485606 0.525086 0.398260 0.433894 0.443617 0.465003 0.468580 0.361107 0.601091 0.446285 0.409974 0.542554 0.503102 0.537393 0.546743 0.623388 0.487153 0.491235 0.587429 0.394204 0.392040 0.474665
230 28 508 24 192 16 480 0.523494 0.567987 0.635121 0.581210 0.357944 0.391831 0.527936 0.598361 0.615613 0.412083 0.452872 0.487940 0.501183 0.553727 0.389127 0.531975 0.463611 0.404985 0.589944 0.487426 0.482373 0.564069 0.440090 0.576435 0.465244 0.501007 0.382575 0.472612 0.559956 0.469857 0.499620
231 6 1840 24 168 7.2 216 0.536292 0.410131 0.559574 0.483678 0.435109 0.574069 0.481859 0.480955 0.491573 0.591332 0.571815 0.470123 0.348796 0.407920 0.328212 0.575500 0.632854 0.382354 0.458696 0.661995 0.414656 0.370125 0.561203 0.535119 0.530640 0.611687 0.368006 0.528328 0.548572 0.535164 0.496211
232 45 1367 24 96 6.4 128 0.503996 0.453811 0.479333 0.540218 0.511026 0.456032 0.556528 0.614785 0.325143 0.449608 0.505638 0.620226 0.545157 0.488932 0.428104 0.509092 0.569874 0.533156 0.544429 0.605205 0.567807 0.479890 0.425633 0.455314 0.354384 0.463583 0.551703 0.555792 0.400401 0.674582 0.505646
233 30 1514 24 192 7.2 288 0.450712 0.386172 0.510640 0.504314 0.560586 0.413147 0.347237 0.572438 0.519446 0.438950 0.565585 0.552084 0.667695 0.393997 0.369251 0.472738 0.527255 0.468398 0.361795 0.532898 0.399900 0.454392 0.554909 0.490399 0.663068 0.575224 0.670335 0.513581 0.608060 0.527430 0.502421
234 30 1515 24 192 7.2 288 0.506772 0.520122 0.467413 0.450874 0.568787 0.548965 0.538120 0.548831 0.503973 0.440750 0.461950 0.517215 0.580951 0.470004 0.388538 0.548116 0.582846 0.380968 0.370537 0.605558 0.495193 0.488926 0.471882 0.505322 0.518504 0.503826 0.477715 0.445243 0.499765 0.484048 0.496390
235 30 1515 24 96 7.2 288 0.487634 0.625722 0.497897 0.653759 0.581277 0.407460 0.400846 0.547987 0.401739 0.546253 0.595414 0.397184 0.430428 0.494598 0.557591 0.633109 0.471891 0.637917 0.521473 0.480803 0.398333 0.514909 0.356768 0.410745 0.472387 0.673197 0.455759 0.497165 0.570757 0.406636 0.504255
236 30 1517 24 96 7.2 288 0.518809 0.362387 0.608023 0.605791 0.431326 0.579709 0.497746 0.398925 0.467009 0.598187 0.482773 0.515189 0.513616 0.610686 0.567742 0.494983 0.550343 0.522396 0.562000 0.500955 0.492028 0.489722 0.489541 0.596596 0.461299 0.573449 0.536171 0.481026 0.436476 0.477853 0.514092
237 25 1314 24 192 7.2 288 0.508374 0.642089 0.606210 0.554649 0.531695 0.596445 0.546953 0.514958 0.572300 0.547003 0.512606 0.399511 0.512245 0.424073 0.525347 0.516012 0.365038 0.514580 0.423092 0.495107 0.609166 0.398095 0.628548 0.419914 0.338960 0.569388 0.440082 0.546538 0.605197 0.488516 0.511756
238 25 1315 24 192 7.2 288 0.575717 0.522654 0.479287 0.359989 0.594919 0.343140 0.486980 0.482195 0.594037 0.459344 0.443437 0.395768 0.389144 0.415985 0.407344 0.442984 0.384678 0.456664 0.480505 0.416341 0.524381 0.461317 0.346623 0.368412 0.476622 0.460010 0.481730 0.461051 0.473324 0.582609 0.458906
239 25 662 24 192 7.2 288 0.398373 0.427298 0.559183 0.518017 0.498591 0.559256 0.475510 0.395951 0.369646 0.492836 0.480461 0.496809 0.480553 0.436745 0.604567 0.446741 0.645944 0.538779 0.440376 0.511258 0.568917 0.456106 0.480388 0.381931 0.529307 0.427580 0.649334 0.472813 0.665717 0.567947 0.499231
240 25 658 24 192 7.2 216 0.507654 0.484120 0.615854 0.490104 0.308949 0.492801 0.583166 0.452118 0.652741 0.306590 0.627065 0.496405 0.520638 0.586682 0.474391 0.467671 0.528467 0.517826 0.502076 0.360322 0.555552 0.513042 0.455084 0.477832 0.399187 0.405698 0.511634 0.449521 0.485895 0.523466 0.491752
241 30 1491 24 312 7.2 216 0.641634 0.459575 0.540526 0.465562 0.444599 0.559343 0.490309 0.440265 0.663146 0.465319 0.491791 0.521006 0.335637 0.542989 0.531820 0.312798 0.495249 0.611206 0.538187 0.481805 0.608466 0.545935 0.562149 0.507778 0.569556 0.532452 0.378752 0.349757 0.584098 0.537917 0.506988
242 33 867 24 120 7.2 144 0.538073 0.468046 0.577617 0.582515 0.469225 0.419059 0.563755 0.544316 0.325971 0.492394 0.628585 0.488590 0.433123 0.339781 0.449969 0.620702 0.469191 0.384837 0.524146 0.455738 0.549749 0.436896 0.498758 0.470411 0.449868 0.612596 0.546890 0.429333 0.425248 0.580375 0.492525
243 33 869 24 120 7.2 144 0.478008 0.597987 0.514334 0.498799 0.510640 0.535037 0.513604 0.540597 0.513482 0.372311 0.401290 0.372138 0.444118 0.514507 0.435045 0.504671 0.568016 0.423888 0.539495 0.674625 0.543280 0.506701 0.442245 0.512408 0.490563 0.629510 0.530522 0.632516 0.364413 0.630005 0.507825
244 33 868 24 120 7.2 144 0.486021 0.680214 0.448064 0.540043 0.493202 0.470052 0.561154 0.603585 0.434029 0.449113 0.483317 0.489496 0.320316 0.424774 0.380899 0.514920 0.345053 0.555071 0.658139 0.484135 0.377170 0.441417 0.414711 0.457685 0.527025 0.387966 0.495952 0.576084 0.519452 0.527095 0.484872
245 33 912 24 120 7.2 216 0.463537 0.441537 0.392883 0.438090 0.465119 0.365990 0.463362 0.571660 0.632797 0.566060 0.525545 0.562624 0.526875 0.516465 0.382721 0.369678 0.351648 0.458311 0.589616 0.372127 0.401009 0.619559 0.488025 0.455299 0.527069 0.372548 0.539392 0.512225 0.453601 0.474690 0.476669
246 33 423 24 120 7.2 216 0.387558 0.559135 0.436561 0.521020 0.535009 0.329129 0.475253 0.571989 0.601995 0.525468 0.464831 0.629337 0.568221 0.490594 0.462035 0.424091 0.390638 0.520039 0.373509 0.570205 0.424455 0.515222 0.529674 0.443188 0.483523 0.551574 0.488600 0.439471 0.572572 0.369565 0.488482
247 31 420 24 192 6.4 192 0.457903 0.486729 0.643249 0.559821 0.457782 0.604176 0.565984 0.408594 0.457143 0.465626 0.471774 0.325427 0.518108 0.539576 0.367716 0.501427 0.585170 0.593681 0.483752 0.425030 0.426609 0.614443 0.568932 0.465300 0.536993 0.543739 0.661972 0.521061 0.462763 0.516350 0.507894
248 31 420 24 192 6.4 192 0.645642 0.524752 0.483018 0.413940 0.490641 0.570136 0.358098 0.432486 0.317198 0.433574 0.435727 0.526546 0.438281 0.554284 0.638413 0.462853 0.555801 0.428161 0.421407 0.671544 0.470368 0.376802 0.349004 0.395996 0.452467 0.424709 0.517942 0.563042 0.359265 0.348732 0.468694
249 31 421 24 192 6.4 192 0.425801 0.418033 0.604243 0.550023 0.464880 0.511215 0.419513 0.341465 0.587886 0.615454 0.340982 0.539364 0.474109 0.569590 0.394221 0.628510 0.456224 0.438607 0.576546 0.535296 0.631392 0.657200 0.686420 0.602702 0.601364 0.372320 0.407492 0.622105 0.571906 0.423833 0.515623
250 31 421 24 192 6.4 192 0.473941 0.473033 0.521014 0.657088 0.439871 0.360792 0.524735 0.422997 0.507224 0.570258 0.461909 0.365274 0.572129 0.599144 0.591006 0.649708 0.604432 0.429379 0.380701 0.494045 0.535927 0.372041 0.501730 0.558949 0.531494 0.501840 0.499717 0.492721 0.460455 0.472946 0.500883
251 31 580 24 240 6.4 256 0.543669 0.549176 0.498956 0.446516 0.479097 0.620595 0.517568 0.354114 0.432522 0.427436 0.595374 0.477966 0.456461 0.605643 0.514823 0.628166 0.472999 0.510380 0.403665 0.381989 0.488575 0.467708 0.517564 0.492926 0.525903 0.484630 0.493401 0.480876 0.574941 0.459253 0.496763
252 31 580 24 240 6.4 256 0.474899 0.419855 0.436760 0.531561 0.469492 0.381200 0.587787 0.502575 0.531158 0.569118 0.623374 0.388728 0.375551 0.355340 0.426588 0.425426 0.462294 0.455619 0.578531 0.540887 0.448180 0.546545 0.687337 0.688704 0.559254 0.555728 0.616278 0.326129 0.454784 0.580772 0.500015
253 31 1684 24 240 6.4 256 0.568282 0.479736 0.480168 0.516687 0.533942 0.494320 0.502546 0.561771 0.409282 0.478327 0.434737 0.558335 0.494821 0.503191 0.569149 0.560751 0.551006 0.492125 0.570977 0.458259 0.422588 0.564392 0.544550 0.429487 0.489731 0.512053 0.473136 0.516154 0.401329 0.632682 0.506817
254 31 1684 24 240 6.4 256 0.327830 0.576842 0.584865 0.464881 0.483117 0.541447 0.479637 0.566927 0.507668 0.461513 0.343118 0.568960 0.621079 0.410884 0.638445 0.462542 0.527916 0.521787 0.522876 0.596828 0.660172 0.427814 0.476779 0.507021 0.422748 0.393226 0.514423 0.490060 0.608237 0.386367 0.503200
255 22 486 24 240 7.2 288 0.391351 0.510877 0.350643 0.542272 0.497710 0.422210 0.374561 0.645590 0.450683 0.436540 0.534971 0.374822 0.367796 0.503741 0.417244 0.594059 0.481298 0.412084 0.394125 0.507429 0.495602 0.374169 0.640065 0.596347 0.401954 0.428274 0.485946 0.547598 0.494891 0.521946 0.473227
256 22 494 24 240 7.2 216 0.630231 0.518339 0.500496 0.541214 0.448443 0.324402 0.406843 0.371537 0.478715 0.575924 0.505240 0.615290 0.601710 0.491876 0.515855 0.555028 0.451766 0.602427 0.491062 0.545162 0.548118 0.454259 0.524052 0.576707 0.418364 0.441176 0.610541 0.553916 0.491380 0.615541 0.513521
257 22 487 24 240 7.2 216 0.421143 0.514229 0.477438 0.634083 0.438476 0.598231 0.447994 0.527508 0.452811 0.618169 0.544576 0.550979 0.431835 0.498693 0.675326 0.510860 0.680643 0.378248 0.391749 0.563337 0.461496 0.489934 0.442202 0.501217 0.492285 0.376522 0.543663 0.558504 0.474621 0.557440 0.508474
258 22 488 24 240 7.2 216 0.592584 0.478140 0.329309 0.395784 0.618581 0.461768 0.558205 0.496928 0.373885 0.509932 0.439225 0.636766 0.405927 0.580142 0.587417 0.416821 0.338017 0.389673 0.453400 0.507055 0.476827 0.378783 0.562476 0.539347 0.410814 0.469254 0.431658 0.352494 0.538766 0.431504 0.472049
259 17 113 24 168 7.2 72 0.544242 0.585633 0.577203 0.530533 0.549377 0.609230 0.476775 0.457054 0.364755 0.319320 0.565066 0.563505 0.624539 0.473123 0.438142 0.385504 0.483670 0.670730 0.464223 0.423984 0.537261 0.432836 0.602958 0.572540 0.583536 0.415891 0.415602 0.482358 0.392815 0.461776 0.500139
260 18 113 24 168 7.2 72 0.512822 0.423141 0.428723 0.508522 0.630099 0.398307 0.430776 0.468897 0.417855 0.479363 0.459057 0.476451 0.491578 0.372673 0.578373 0.532655 0.471809 0.373393 0.432230 0.455315 0.520862 0.663233 0.390250 0.507372 0.672477 0.590625 0.417118 0.642753 0.521085 0.661442 0.497642
261 16 113 24 168 7.2 72 0.544132 0.539476 0.652982 0.543468 0.462984 0.529203 0.603654 0.459491 0.591024 0.496394 0.463733 0.523033 0.517799 0.474899 0.530434 0.436360 0.518334 0.669512 0.436413 0.524808 0.609128 0.457187 0.555200 0.560643 0.525590 0.369238 0.473095 0.454043 0.410153 0.427870 0.512009
262 11 113 24 168 7.2 72 0.355068 0.621723 0.520685 0.634198 0.555572 0.462158 0.449165 0.531146 0.561579 0.504219 0.657637 0.532202 0.451909 0.343537 0.589342 0.462793 0.439212 0.508023 0.613574 0.536294 0.440951 0.541848 0.550201 0.522927 0.474697 0.460409 0.488119 0.321987 0.597967 0.374825 0.503466
263 12 113 24 168 7.2 72 0.424086 0.528972 0.406408 0.427819 0.385678 0.519474 0.583800 0.626142 0.437495 0.379077 0.551673 0.457851 0.550782 0.439979 0.418806 0.441130 0.451090 0.489372 0.529261 0.447475 0.567724 0.380008 0.653143 0.478492 0.415850 0.487910 0.501061 0.554378 0.561530 0.579868 0.489211
264 14 113 24 168 7.2 72 0.571488 0.339811 0.474681 0.591942 0.561107 0.620770 0.520041 0.410562 0.552121 0.443469 0.492593 0.490495 0.473239 0.522467 0.375863 0.404559 0.493754 0.411256 0.423167 0.332043 0.500140 0.551769 0.498283 0.622898 0.630883 0.651414 0.472776 0.497899 0.530542 0.518519 0.499352
265 15 113 24 168 7.2 72 0.480840 0.355733 0.620806 0.475460 0.513583 0.424653 0.486826 0.442901 0.616615 0.550935 0.501931 0.497711 0.542137 0.544168 0.532885 0.623329 0.554580 0.439242 0.352541 0.577730 0.528175 0.539109 0.544429 0.531556 0.444591 0.490887 0.540267 0.442629 0.521596 0.637889 0.511858
266 29 1367 24 96 7.2 144 0.587400 0.331416 0.564640 0.531334 0.618456 0.478363 0.518046 0.611004 0.503742 0.422906 0.483945 0.583295 0.442231 0.455491 0.649154 0.534709 0.474995 0.456966 0.481463 0.600562 0.552393 0.384320 0.529396 0.566341 0.465986 0.406851 0.558220 0.625176 0.478431 0.456997 0.511808
267 29 1367 24 96 7.2 144 0.667783 0.578802 0.311238 0.374748 0.544133 0.505056 0.533752 0.553861 0.416836 0.473125 0.546129 0.425864 0.420660 0.635802 0.489876 0.578138 0.421865 0.368692 0.420906 0.561195 0.444042 0.611580 0.480841 0.527220 0.526661 0.597379 0.415283 0.453134 0.473834 0.448798 0.493574
268 29 1367 24 96 7.2 144 0.465445 0.517933 0.495529 0.538211 0.389804 0.369889 0.559088 0.324044 0.517231 0.668528 0.388019 0.504518 0.324103 0.521783 0.667623 0.561830 0.626313 0.494573 0.464202 0.485354 0.472229 0.606257 0.693337 0.578954 0.631293 0.536312 0.473997 0.367671 0.468767 0.462544 0.505846
269 21 1707 24 192 7.2 144 0.389522 0.491190 0.544644 0.551735 0.605330 0.405399 0.521542 0.597630 0.449524 0.544891 0.578362 0.471681 0.525266 0.534803 0.494977 0.481797 0.422616 0.666751 0.641723 0.577564 0.336475 0.469754 0.360501 0.575922 0.461375 0.488532 0.522633 0.478922 0.523953 0.380682 0.503190
270 21 1707 24 192 7.2 144 0.485022 0.625964 0.625620 0.667592 0.593079 0.612915 0.554200 0.453327 0.424925 0.407018 0.504052 0.514936 0.592968 0.500929 0.401138 0.572507 0.455267 0.538275 0.509999 0.599914 0.415949 0.488952 0.396199 0.535718 0.438824 0.430120 0.559502 0.535014 0.384585 0.486525 0.510368
271 21 1430 24 192 7.2 144 0.549206 0.413220 0.624617 0.611750 0.563269 0.432778 0.443563 0.495203 0.609451 0.399236 0.404214 0.507032 0.551788 0.385061 0.542974 0.598784 0.626124 0.563278 0.521267 0.531237 0.473669 0.549652 0.554673 0.474734 0.530791 0.512789 0.592721 0.576209 0.433731 0.396204 0.515641
272 21 1430 24 192 7.2 144 0.383752 0.384446 0.555939 0.629126 0.557064 0.396377 0.471520 0.591678 0.639382 0.516025 0.311588 0.370362 0.507252 0.589408 0.659850 0.459911 0.470886 0.539826 0.572427 0.503990 0.521477 0.433309 0.477834 0.507811 0.491959 0.407592 0.632407 0.585883 0.499967 0.490952 0.505333
273 21 1704 24 240 7.2 144 0.521443 0.408026 0.536379 0.573918 0.545849 0.520864 0.457198 0.672194 0.399384 0.684122 0.546774 0.495608 0.582932 0.499003 0.546153 0.473599 0.661160 0.463253 0.582658 0.429804 0.553756 0.576848 0.545186 0.364848 0.596243 0.419673 0.497485 0.477044 0.664661 0.534894 0.527699
274 6 1828 24 168 7.2 216 0.589916 0.673262 0.509830 0.464295 0.539476 0.672164 0.560778 0.476876 0.505649 0.450477 0.544148 0.424929 0.592763 0.477487 0.402333 0.559221 0.516781 0.575123 0.590386 0.547576 0.491318 0.414436 0.404904 0.544040 0.452599 0.407637 0.432102 0.558122 0.554485 0.327030 0.508671
275 5 1873 24 72 7.2 72 0.551934 0.515757 0.539580 0.669648 0.408667 0.637007 0.484848 0.587451 0.623051 0.387657 0.654532 0.419878 0.364790 0.660278 0.532691 0.519643 0.650788 0.527251 0.479776 0.352148 0.438811 0.497712 0.542009 0.639704 0.533338 0.473291 0.542976 0.572039 0.534717 0.566653 0.530288
276 47 531 24 96 7.2 72 0.596037 0.532742 0.448382 0.533434 0.471423 0.397980 0.381308 0.497832 0.537222 0.501959 0.342920 0.515172 0.515096 0.447980 0.557272 0.571733 0.420365 0.496813 0.531381 0.486259 0.514835 0.389192 0.371273 0.614621 0.572008 0.421619 0.577646 0.339746 0.511545 0.507421 0.486774
277 2 1367 24 72 7.2 144 0.577426 0.497699 0.503817 0.517730 0.548672 0.570406 0.399635 0.559426 0.647602 0.609491 0.420221 0.520914 0.419979 0.511261 0.573671 0.399215 0.401515 0.428446 0.413564 0.512916 0.590986 0.352919 0.659928 0.501233 0.470543 0.509092 0.483968 0.633805 0.302616 0.455074 0.499793
278 34 1692 48 120 7.2 288 0.634404 0.503927 0.568182 0.534872 0.488663 0.516059 0.543821 0.504586 0.666557 0.467837 0.507794 0.429565 0.388998 0.579921 0.437724 0.422662 0.454844 0.584286 0.641638 0.521595 0.431466 0.469485 0.401387 0.526175 0.377128 0.442819 0.474764 0.612209 0.478899 0.381611 0.499796
279 34 1693 48 120 7.2 288 0.442599 0.484465 0.543671 0.507315 0.375131 0.553760 0.680732 0.544257 0.424138 0.472544 0.534427 0.580170 0.522224 0.483235 0.410812 0.675422 0.486253 0.345528 0.521923 0.378753 0.399848 0.393804 0.509920 0.372641 0.530336 0.470369 0.463344 0.447852 0.597572 0.434392 0.486248
280 34 1696 48 120 7.2 288 0.328090 0.473702 0.650019 0.474042 0.391653 0.622869 0.418569 0.552576 0.456601 0.580449 0.497913 0.505878 0.545198 0.596230 0.510589 0.522792 0.609036 0.416875 0.634585 0.476536 0.466174 0.556138 0.649404 0.506440 0.519915 0.590320 0.495318 0.401024 0.327564 0.502732 0.509308
281 34 1695 48 120 7.2 288 0.411532 0.400546 0.474081 0.554514 0.365032 0.551789 0.654834 0.547030 0.441170 0.523071 0.546843 0.421030 0.666829 0.573026 0.500446 0.448546 0.484990 0.631693 0.602589 0.578024 0.456253 0.593387 0.635165 0.480336 0.458174 0.384919 0.379737 0.553018 0.633587 0.414931 0.512237
282 34 1694 48 120 7.2 288 0.367771 0.556727 0.511142 0.498565 0.599742 0.644985 0.484170 0.501744 0.553248 0.495889 0.503025 0.687208 0.605377 0.544535 0.480105 0.524794 0.615566 0.557429 0.548781 0.545751 0.558485 0.439779 0.555496 0.637306 0.581126 0.602156 0.505704 0.523182 0.522771 0.646819 0.546646
283 34 1694 48 120 7.2 288 0.538636 0.602812 0.504760 0.434185 0.377523 0.586654 0.502756 0.638345 0.483896 0.474148 0.472808 0.395177 0.617076 0.441355 0.507983 0.563300 0.397104 0.454707 0.453244 0.430558 0.555231 0.514278 0.431898 0.456159 0.626849 0.530997 0.581925 0.353238 0.492470 0.525128 0.498173
284 33 605 48 72 7.2 216 0.497639 0.468700 0.524622 0.462124 0.468260 0.320306 0.606275 0.422035 0.468412 0.390039 0.498403 0.382338 0.502885 0.410891 0.399536 0.497466 0.411582 0.534261 0.434490 0.477845 0.454735 0.485114 0.420725 0.577214 0.393250 0.487312 0.586636 0.413784 0.468223 0.486324 0.465048
285 33 478 48 72 1 30 0.469526 0.598221 0.426005 0.423148 0.356749 0.477662 0.556870 0.611005 0.413248 0.426172 0.495815 0.536352 0.445822 0.483542 0.510289 0.573452 0.548824 0.461217 0.562710 0.602744 0.500372 0.621801 0.587951 0.476374 0.393694 0.392900 0.341136 0.411550 0.500000 0.563584 0.492291
286 33 604 48 72 1 30 0.437551 0.539578 0.465443 0.656584 0.555067 0.486404 0.452175 0.497166 0.561696 0.440783 0.410452 0.502261 0.441270 0.563392 0.595757 0.678566 0.440671 0.580203 0.425988 0.546758 0.576696 0.545377 0.500467 0.420395 0.675590 0.519157 0.528998 0.435465 0.402877 0.355401 0.507940
287 33 1442 48 72 1 40 0.672285 0.624686 0.484673 0.524835 0.385293 0.363847 0.480510 0.456575 0.528725 0.436067 0.463995 0.495795 0.501983 0.531210 0.456023 0.446764 0.449815 0.467577 0.482882 0.459960 0.361681 0.357194 0.364579 0.557103 0.430224 0.494331 0.614435 0.389783 0.421603 0.635706 0.478005
288 33 462 48 72 1 30 0.470548 0.456040 0.388040 0.333059 0.510636 0.594919 0.462779 0.556137 0.470032 0.566976 0.505858 0.472416 0.532727 0.429625 0.475282 0.605003 0.402171 0.556497 0.398124 0.518134 0.616180 0.533712 0.423429 0.546289 0.622799 0.377397 0.509544 0.465626 0.551771 0.671218 0.500766
289 33 471 48 72 1 40 0.427122 0.550539 0.359202 0.423841 0.510368 0.442134 0.600834 0.591718 0.613659 0.655392 0.608311 0.489416 0.549621 0.615548 0.373598 0.483086 0.625882 0.500775 0.341833 0.520925 0.544233 0.401562 0.360296 0.513704 0.571747 0.543489 0.555976 0.478324 0.541178 0.598120 0.513081
290 33 1367 48 72 12.8 256 0.652283 0.415072 0.558785 0.475306 0.567146 0.479075 0.447375 0.421348 0.413138 0.432002 0.544237 0.601676 0.570585 0.490880 0.547096 0.505079 0.455797 0.432766 0.547227 0.510717 0.416999 0.360407 0.438048 0.355922 0.408863 0.603502 0.623710 0.447088 0.570577 0.530864 0.494119
291 33 493 48 72 7.2 288 0.441141 0.581142 0.507043 0.310583 0.466724 0.522272 0.471839 0.381607 0.546497 0.510111 0.550891 0.480741 0.523701 0.461155 0.367684 0.578648 0.581318 0.432448 0.647257 0.418907 0.652338 0.507623 0.658781 0.566789 0.567490 0.392279 0.557387 0.474810 0.533585 0.598030 0.509694
292 33 604 48 72 7.2 216 0.528957 0.510448 0.578954 0.432858 0.446641 0.517060 0.575978 0.559401 0.411585 0.436154 0.552023 0.471730 0.611532 0.386575 0.420503 0.421664 0.595063 0.422918 0.498095 0.552889 0.532087 0.341034 0.414164 0.419242 0.477583 0.522872 0.374541 0.375920 0.440073 0.614739 0.481443
293 33 1444 48 72 1 40 0.651326 0.389547 0.505429 0.552153 0.576062 0.521853 0.473868 0.340710 0.582208 0.562434 0.531354 0.359154 0.440952 0.381778 0.406822 0.527346 0.332860 0.648124 0.641771 0.392234 0.554709 0.464533 0.547018 0.427223 0.496046 0.512992 0.488537 0.414243 0.462913 0.411180 0.486579
294 33 1441 48 72 1 40 0.366858 0.543039 0.527370 0.399227 0.581653 0.390693 0.454075 0.502322 0.585626 0.406521 0.616175 0.343819 0.484854 0.408582 0.533955 0.434427 0.601609 0.475441 0.603760 0.580932 0.394830 0.416468 0.393866 0.390216 0.640569 0.469070 0.524660 0.397304 0.621677 0.619937 0.490318
295 33 605 48 72 1 30 0.608605 0.522125 0.419354 0.506192 0.521028 0.539858 0.409625 0.536849 0.455323 0.579190 0.466946 0.391180 0.618139 0.535496 0.626723 0.576945 0.548028 0.378164 0.313202 0.626840 0.409048 0.534073 0.460064 0.476771 0.550693 0.569018 0.495639 0.373383 0.516227 0.643139 0.506929
296 33 1443 48 72 1 40 0.449258 0.385063 0.679548 0.420622 0.475503 0.459829 0.484137 0.543391 0.481977 0.571470 0.463332 0.574188 0.533616 0.440259 0.483010 0.499420 0.506872 0.506604 0.580469 0.475414 0.516907 0.483704 0.516234 0.543411 0.558094 0.545881 0.437169 0.315142 0.677919 0.337046 0.498183
297 33 508 48 72 7.2 216 0.512037 0.641770 0.620453 0.369038 0.467176 0.590001 0.596761 0.579671 0.453544 0.407384 0.591672 0.652519 0.616551 0.439283 0.582636 0.366852 0.404996 0.644902 0.546107 0.473772 0.345910 0.647019 0.472438 0.545443 0.535743 0.376822 0.585960 0.598207 0.349141 0.470937 0.516158
298 33 377 48 72 1 30 0.379495 0.378519 0.514352 0.577922 0.409441 0.420805 0.556768 0.558044 0.544710 0.454792 0.481444 0.464277 0.567757 0.543858 0.451465 0.411674 0.602494 0.350691 0.558899 0.500660 0.329486 0.584304 0.539976 0.600391 0.511142 0.583216 0.619576 0.500375 0.547515 0.484102 0.500938
299 33 490 48 72 1 30 0.412000 0.653630 0.504347 0.657977 0.400053 0.430189 0.525425 0.432335 0.421225 0.557451 0.512233 0.587470 0.578858 0.493584 0.458288 0.530741 0.582443 0.414830 0.574569 0.531868 0.424814 0.393124 0.378897 0.521829 0.589224 0.347370 0.450255 0.508494 0.372288 0.520470 0.492209
300 33 1367 48 72 8 160 0.560435 0.457257 0.510620 0.529915 0.350886 0.446743 0.656792 0.513409 0.513182 0.570455 0.360452 0.458639 0.632774 0.326044 0.468914 0.450307 0.478468 0.424863 0.559101 0.551862 0.654262 0.545768 0.388263 0.480507 0.556181 0.389890 0.575901 0.409613 0.518270 0.474840 0.493820
301 33 491 48 72 1 30 0.518090 0.591198 0.452347 0.410105 0.492480 0.604168 0.386390 0.549923 0.603834 0.575896 0.533680 0.564008 0.413507 0.646087 0.503287 0.552683 0.533002 0.625288 0.465267 0.568959 0.464687 0.469780 0.592651 0.485667 0.606482 0.565590 0.476099 0.429250 0.523452 0.377459 0.519377
302 33 378 48 72 1 30 0.410418 0.527440 0.499504 0.575012 0.406817 0.598199 0.509661 0.650158 0.567772 0.383507 0.386770 0.458422 0.627367 0.413656 0.449698 0.470488 0.384489 0.419728 0.564927 0.443651 0.494579 0.443116 0.600665 0.532738 0.405999 0.399586 0.514255 0.356280 0.593794 0.479095 0.485593
303 33 315 48 72 1 30 0.593042 0.618583 0.401581 0.471285 0.588586 0.638061 0.472901 0.540551 0.501192 0.445004 0.600215 0.540640 0.525785 0.531208 0.556067 0.439948 0.580412 0.325208 0.591579 0.452489 0.412501 0.478724 0.376409 0.476232 0.492308 0.386488 0.493055 0.530881 0.610614 0.492843 0.505480
304 33 379 48 72 1 30 0.382860 0.553515 0.618740 0.621255 0.563829 0.426324 0.462166 0.459320 0.683120 0.497240 0.545673 0.495186 0.449231 0.355341 0.411621 0.493900 0.530345 0.460047 0.350059 0.521356 0.474421 0.628703 0.470057 0.485496 0.494609 0.365774 0.597246 0.638450 0.540921 0.446928 0.500791
305 33 1164 48 72 7.2 288 0.529281 0.381776 0.374436 0.480015 0.454489 0.548265 0.598527 0.505019 0.537432 0.444069 0.583569 0.385996 0.611295 0.465413 0.559480 0.414729 0.467159 0.483107 0.495038 0.542223 0.413380 0.544228 0.468450 0.543259 0.476440 0.328187 0.568265 0.520474 0.378897 0.537018 0.487997
306 33 316 48 72 1 30 0.524846 0.460930 0.666976 0.630125 0.556567 0.554871 0.459126 0.409729 0.491553 0.408623 0.595808 0.395334 0.650991 0.480308 0.504182 0.317151 0.489854 0.584245 0.400286 0.489595 0.650569 0.388293 0.432249 0.659043 0.483341 0.509440 0.415274 0.473794 0.466874 0.638276 0.506275
307 33 1165 48 72 7.2 288 0.652456 0.516008 0.333907 0.577944 0.335990 0.609074 0.500417 0.597144 0.544904 0.532408 0.490997 0.481193 0.467860 0.508682 0.504689 0.562911 0.395239 0.418596 0.485123 0.418961 0.519976 0.508744 0.474714 0.588678 0.542152 0.487082 0.450532 0.525730 0.622610 0.593041 0.508259
308 33 492 48 72 1 30 0.680740 0.575401 0.391132 0.532578 0.524788 0.481390 0.499280 0.559068 0.623700 0.389309 0.488489 0.516966 0.351096 0.452290 0.483443 0.433530 0.490710 0.474604 0.425079 0.493819 0.399776 0.649101 0.617068 0.481755 0.580139 0.546074 0.556098 0.324666 0.473123 0.433847 0.497635
309 33 1592 48 72 7.2 288 0.450627 0.601860 0.445465 0.586328 0.571981 0.482146 0.439012 0.610641 0.482111 0.335248 0.410770 0.473068 0.578907 0.580011 0.521102 0.463729 0.642841 0.676049 0.439092 0.653948 0.424148 0.531343 0.582885 0.573931 0.516229 0.401536 0.529418 0.657438 0.417887 0.612443 0.523073
310 33 1593 48 72 7.2 288 0.503486 0.487062 0.389254 0.573880 0.500853 0.528289 0.568632 0.587940 0.527331 0.444286 0.510877 0.635938 0.427675 0.386378 0.487066 0.527697 0.519620 0.347175 0.547049 0.620298 0.379384 0.474907 0.556428 0.402195 0.490516 0.528303 0.469262 0.438484 0.609627 0.454123 0.497467
311 33 1547 48 72 1 30 0.507214 0.440073 0.567344 0.569171 0.564469 0.534896 0.448314 0.627876 0.527359 0.529915 0.516556 0.390959 0.491651 0.520199 0.392553 0.450323 0.608176 0.386152 0.498846 0.470035 0.586269 0.476816 0.498199 0.341911 0.376721 0.642881 0.378135 0.541845 0.473264 0.458388 0.493884
312 33 1367 48 72 4.6 92 0.614351 0.576242 0.419935 0.328482 0.419558 0.513945 0.522609 0.350160 0.656105 0.677621 0.496756 0.524274 0.509523 0.412566 0.556249 0.623362 0.424208 0.348625 0.342931 0.502363 0.410398 0.596801 0.395828 0.431745 0.461874 0.432593 0.552418 0.630630 0.446312 0.496280 0.489158
313 33 1545 48 72 1 30 0.638831 0.466986 0.510579 0.453446 0.557226 0.499159 0.502548 0.478873 0.424275 0.417630 0.541774 0.605054 0.449955 0.477274 0.517495 0.563310 0.457882 0.571657 0.639180 0.497551 0.603194 0.484117 0.557755 0.578638 0.526313 0.522753 0.485324 0.513912 0.472965 0.528582 0.518141
314 33 1546 48 72 1 30 0.371703 0.415672 0.351969 0.502284 0.518202 0.453225 0.582250 0.531500 0.647195 0.467870 0.348941 0.419968 0.460669 0.570662 0.469173 0.376231 0.534339 0.472503 0.567189 0.398916 0.459647 0.329531 0.462202 0.492951 0.572012 0.609997 0.512733 0.475634 0.521518 0.505529 0.480074
315 33 1544 48 72 1 30 0.390739 0.449144 0.522891 0.603402 0.594137 0.377369 0.607335 0.483685 0.560344 0.459445 0.460030 0.425578 0.574374 0.499730 0.672085 0.483573 0.399636 0.417009 0.461710 0.475010 0.515916 0.451006 0.531161 0.592707 0.668958 0.615925 0.450829 0.587445 0.479513 0.608711 0.513980
316 24 91 48 384 4 80 0.619023 0.355943 0.531424 0.374541 0.387233 0.574306 0.551206 0.448236 0.559627 0.478962 0.511628 0.458284 0.523891 0.477387 0.544169 0.490700 0.589972 0.648738 0.398555 0.472952 0.525181 0.348405 0.361861 0.328839 0.391711 0.460713 0.541911 0.486694 0.416685 0.423664 0.476081
317 24 90 48 384 4 80 0.611581 0.471786 0.611855 0.671107 0.627397 0.597244 0.444135 0.568834 0.394150 0.634974 0.377481 0.462315 0.523989 0.577521 0.446945 0.416735 0.404981 0.491978 0.400514 0.594889 0.559440 0.605258 0.647721 0.481834 0.489057 0.398944 0.505596 0.516236 0.535384 0.656502 0.524213
318 21 1405 48 216 7.2 288 0.460477 0.553266 0.434411 0.445275 0.453944 0.381385 0.512067 0.599153 0.534950 0.554472 0.428341 0.379002 0.652473 0.369436 0.332408 0.431495 0.579505 0.422611 0.391448 0.429201 0.519008 0.505608 0.593589 0.561577 0.457943 0.490583 0.410995 0.500904 0.617115 0.432298 0.481165
319 21 612 48 216 7.2 288 0.470562 0.655337 0.597183 0.502711 0.567341 0.422623 0.449087 0.414611 0.456754 0.597953 0.532282 0.408550 0.600480 0.557179 0.438726 0.607956 0.422321 0.347822 0.535534 0.490293 0.445761 0.623542 0.382008 0.485790 0.409771 0.500439 0.501592 0.365212 0.447672 0.388459 0.487518
320 21 1093 48 216 7.2 288 0.532339 0.553576 0.483867 0.453364 0.479486 0.519789 0.506003 0.498719 0.486240 0.540290 0.531797 0.642709 0.432538 0.365200 0.353433 0.445926 0.372580 0.389903 0.434600 0.525695 0.549222 0.477067 0.390024 0.554103 0.601828 0.446497 0.428283 0.569073 0.466765 0.451787 0.482757
321 20 1093 48 216 1 40 0.520292 0.554091 0.386830 0.500649 0.545202 0.495296 0.456288 0.613591 0.438165 0.458773 0.374541 0.422424 0.610499 0.406521 0.331918 0.494854 0.463476 0.419169 0.445281 0.378474 0.539801 0.591590 0.519779 0.650637 0.517388 0.497648 0.440715 0.393546 0.579643 0.513939 0.485367
322 20 1093 48 192 0.8 32 0.672306 0.585234 0.505119 0.415691 0.408290 0.386676 0.456103 0.554724 0.490287 0.554347 0.671425 0.443482 0.497280 0.470714 0.332938 0.467959 0.547726 0.606779 0.565695 0.593026 0.611532 0.520165 0.394978 0.541453 0.552546 0.340721 0.658660 0.592768 0.534922 0.406446 0.512666
323 2 1367 48 480 2.5 50 0.499566 0.439819 0.556059 0.653775 0.469569 0.556994 0.424529 0.639876 0.529996 0.647429 0.600861 0.539701 0.610210 0.489583 0.642246 0.505456 0.445687 0.539767 0.605341 0.476867 0.482712 0.677989 0.457308 0.357341 0.504057 0.465716 0.523902 0.486217 0.490794 0.649525 0.532296
324 2 1367 48 480 3 60 0.571110 0.451897 0.650579 0.499785 0.541388 0.493146 0.409628 0.648364 0.526517 0.536127 0.455858 0.451858 0.573441 0.335318 0.357239 0.450471 0.519572 0.365234 0.456415 0.485542 0.535137 0.307165 0.441826 0.467384 0.450537 0.593797 0.536373 0.564025 0.411369 0.382947 0.482335
325 2 1367 48 96 6.4 128 0.447151 0.681921 0.425452 0.517841 0.380358 0.432320 0.494562 0.468436 0.577267 0.529599 0.483862 0.648547 0.388606 0.444571 0.455441 0.457667 0.513218 0.539731 0.460619 0.516298 0.540832 0.426335 0.404189 0.511169 0.455193 0.382752 0.513810 0.527563 0.509386 0.473428 0.486937
326 2 1367 48 96 7 140 0.600369 0.486953 0.405303 0.488022 0.458306 0.627822 0.548368 0.493572 0.484969 0.483413 0.481165 0.347051 0.512151 0.641685 0.483503 0.560245 0.524548 0.455535 0.439326 0.502456 0.400906 0.508850 0.513576 0.453191 0.560096 0.477236 0.479542 0.321823 0.575897 0.599964 0.497195
327 22 1212 48 264 4 160 0.491879 0.365937 0.366147 0.583345 0.532639 0.463336 0.388272 0.452467 0.496259 0.462802 0.369780 0.555909 0.538609 0.555602 0.365128 0.428083 0.407388 0.555896 0.499059 0.433729 0.538924 0.591282 0.455150 0.457706 0.670550 0.322717 0.496968 0.541956 0.395795 0.301690 0.469500
328 22 1221 48 264 6 240 0.521964 0.398401 0.388029 0.427842 0.494678 0.584320 0.488428 0.366725 0.398716 0.479902 0.662794 0.580090 0.587473 0.509573 0.580563 0.540330 0.593911 0.524993 0.485979 0.529400 0.421592 0.579518 0.534462 0.416885 0.556240 0.509565 0.495173 0.452325 0.536914 0.642793 0.509653
329 22 1213 48 264 4 160 0.498588 0.536954 0.476904 0.544476 0.392665 0.482625 0.484355 0.347304 0.491224 0.513283 0.329691 0.455631 0.531503 0.607575 0.525616 0.358400 0.613772 0.645445 0.493475 0.551155 0.448837 0.661794 0.469174 0.592609 0.500642 0.467053 0.546696 0.476777 0.370861 0.534089 0.498306
330 33 1455 48 120 2 40 0.467778 0.550122 0.464752 0.549052 0.569370 0.449222 0.562191 0.455674 0.477523 0.618103 0.531509 0.473556 0.494268 0.534827 0.515835 0.623796 0.565955 0.505153 0.401753 0.461016 0.640130 0.466876 0.525066 0.479727 0.359953 0.591200 0.412847 0.387882 0.392183 0.627465 0.505159
331 29 372 48 216 6.4 256 0.495226 0.561410 0.661351 0.576244 0.553753 0.437584 0.610465 0.417982 0.607252 0.560233 0.483315 0.371761 0.523796 0.395697 0.589294 0.376358 0.562407 0.522581 0.587103 0.621796 0.460290 0.544752 0.473811 0.670162 0.515345 0.426407 0.442125 0.487086 0.451285 0.426868 0.513791
332 29 372 48 216 6.4 256 0.413873 0.577963 0.576282 0.424031 0.517158 0.527748 0.537189 0.427606 0.576715 0.607606 0.469602 0.480671 0.509544 0.375876 0.421755 0.553024 0.615614 0.530821 0.499234 0.584208 0.514607 0.494676 0.467835 0.525295 0.512106 0.405023 0.373296 0.484935 0.473463 0.375295 0.495102
333 28 379 48 696 8 240 0.379066 0.568057 0.454461 0.397130 0.435816 0.521448 0.462707 0.433872 0.631075 0.621145 0.441812 0.545928 0.373731 0.598599 0.649494 0.377344 0.515686 0.591628 0.626140 0.500009 0.478711 0.367319 0.544441 0.394180 0.494109 0.618706 0.445066 0.348972 0.464449 0.444466 0.490852
334 25 1630 48 168 12.8 384 0.463595 0.562810 0.405561 0.509650 0.554088 0.622115 0.535887 0.601317 0.437293 0.376374 0.635500 0.612512 0.545881 0.563055 0.353188 0.661070 0.636696 0.520701 0.523917 0.380296 0.510564 0.634640 0.447108 0.357786 0.353367 0.501527 0.532749 0.485799 0.455799 0.590395 0.512375
335 20 1093 48 216 2 80 0.652222 0.341418 0.366547 0.565423 0.577155 0.506958 0.594281 0.540486 0.555203 0.510790 0.364585 0.563086 0.543908 0.485412 0.484788 0.404984 0.487180 0.609290 0.662620 0.471513 0.424465 0.486874 0.368072 0.436245 0.518587 0.434796 0.557866 0.605485 0.571371 0.514107 0.506857
336 20 1093 48 120 4 160 0.673076 0.334524 0.550287 0.577565 0.378288 0.400684 0.420198 0.359140 0.467252 0.533918 0.439784 0.452948 0.522489 0.495694 0.398945 0.378386 0.441478 0.508929 0.498983 0.554458 0.468987 0.617587 0.432752 0.548510 0.631547 0.567398 0.453019 0.533541 0.505443 0.446297 0.486403
337 27 611 48 120 12 480 0.544506 0.500690 0.365725 0.610748 0.546508 0.526074 0.449609 0.427610 0.404740 0.656126 0.435805 0.556308 0.429852 0.472601 0.578799 0.406569 0.657962 0.544653 0.532646 0.490528 0.395599 0.499781 0.351966 0.449122 0.475312 0.582417 0.382216 0.449424 0.523308 0.499069 0.491542
338 27 611 48 120 12.8 512 0.595223 0.475423 0.359609 0.428290 0.421467 0.485706 0.364659 0.456243 0.508490 0.466806 0.345600 0.523080 0.607553 0.621361 0.613953 0.576791 0.519104 0.560645 0.465153 0.583120 0.486349 0.484943 0.552820 0.554512 0.367598 0.393471 0.476207 0.550681 0.539493 0.593610 0.499265
339 27 611 48 120 12.8 512 0.629559 0.492562 0.515090 0.514162 0.503819 0.414035 0.474652 0.557349 0.622366 0.402712 0.334852 0.573379 0.637369 0.382722 0.441402 0.508752 0.464325 0.477674 0.524625 0.470105 0.534889 0.568069 0.576796 0.522912 0.399722 0.514192 0.460247 0.445470 0.419594 0.492400 0.495860
340 27 611 48 120 8 320 0.487597 0.493171 0.647759 0.496002 0.588403 0.432013 0.368460 0.630048 0.448713 0.523439 0.458500 0.371578 0.419935 0.563172 0.448632 0.597650 0.400885 0.528032 0.408407 0.525174 0.362979 0.395686 0.355499 0.541114 0.594386 0.516673 0.357935 0.549629 0.369750 0.548884 0.481004
341 27 611 48 120 4.6 184 0.443960 0.443512 0.539597 0.593226 0.468127 0.549885 0.521244 0.467267 0.378729 0.488428 0.502219 0.437689 0.461441 0.472362 0.580901 0.482421 0.530740 0.600342 0.406988 0.461627 0.569820 0.463704 0.480696 0.533142 0.494048 0.653958 0.526084 0.413248 0.359740 0.625332 0.498349
342 29 643 48 408 6.4 192 0.616035 0.345198 0.523147 0.576076 0.502171 0.567599 0.501643 0.517022 0.465904 0.431109 0.583631 0.351068 0.552016 0.474606 0.686797 0.379219 0.378644 0.628177 0.434039 0.500700 0.515488 0.509891 0.482884 0.553862 0.589581 0.505631 0.364145 0.494387 0.504951 0.487833 0.500782
343 29 643 48 408 6.4 192 0.446747 0.585461 0.453118 0.439722 0.439448 0.563660 0.470168 0.490960 0.558067 0.396090 0.438866 0.553794 0.602113 0.470148 0.467806 0.501132 0.617361 0.533466 0.522285 0.489519 0.483052 0.514386 0.582283 0.400112 0.507670 0.566268 0.480581 0.517738 0.405125 0.444299 0.498048
344 29 644 48 336 6.4 192 0.451495 0.458454 0.380749 0.483526 0.663392 0.515829 0.528566 0.565136 0.610500 0.600564 0.335228 0.398301 0.445155 0.511231 0.625234 0.556572 0.400558 0.352212 0.485778 0.542532 0.671622 0.402909 0.596803 0.619314 0.612483 0.468373 0.479403 0.511732 0.548206 0.397583 0.507315
345 29 644 48 336 6.4 192 0.609414 0.609824 0.519219 0.524873 0.678337 0.360158 0.555431 0.468513 0.489504 0.480859 0.489685 0.585041 0.452129 0.495368 0.403771 0.421145 0.563166 0.618191 0.628794 0.381873 0.608610 0.519679 0.472017 0.532526 0.474212 0.487315 0.501741 0.518469 0.633528 0.388045 0.515715
346 29 645 48 408 6.4 192 0.454233 0.465195 0.513266 0.609359 0.516659 0.588310 0.484757 0.460698 0.459644 0.419471 0.407031 0.578012 0.554295 0.670613 0.429825 0.503864 0.515639 0.524610 0.389204 0.450941 0.397386 0.448013 0.487386 0.604229 0.451915 0.618855 0.670074 0.559563 0.622291 0.536644 0.513066
347 29 645 48 408 6.4 192 0.406209 0.428637 0.586436 0.559961 0.346776 0.611701 0.643330 0.508131 0.573191 0.323091 0.584243 0.345411 0.427480 0.631769 0.514779 0.553600 0.504223 0.583737 0.453608 0.393644 0.546722 0.588553 0.488553 0.485960 0.445067 0.595886 0.676467 0.553476 0.396525 0.468219 0.507513
348 31 1173 48 216 16 640 0.379532 0.571414 0.552314 0.461769 0.501417 0.448622 0.528099 0.502586 0.566447 0.546849 0.458697 0.622401 0.486199 0.626443 0.571687 0.459381 0.587370 0.535350 0.601035 0.353394 0.529002 0.325252 0.404642 0.473484 0.632568 0.538345 0.445681 0.410067 0.577973 0.554003 0.508401
349 7 1807 48 120 7.2 72 0.450359 0.426039 0.600346 0.637283 0.593101 0.558422 0.315994 0.373355 0.511902 0.429166 0.419370 0.482901 0.445072 0.474423 0.517550 0.529757 0.496821 0.534336 0.420021 0.454945 0.436204 0.452870 0.496989 0.572484 0.477135 0.469027 0.496155 0.387879 0.394812 0.602387 0.481903
350 7 1810 48 120 7.2 72 0.559989 0.451597 0.650492 0.461344 0.535663 0.396258 0.492818 0.459726 0.395304 0.544300 0.546330 0.565443 0.496721 0.575011 0.497823 0.481550 0.437072 0.452560 0.501503 0.606111 0.568190 0.369744 0.564885 0.444667 0.459403 0.476947 0.488032 0.478590 0.616271 0.446511 0.500695
351 7 1808 48 120 7.2 72 0.552538 0.464886 0.579509 0.457101 0.481066 0.515069 0.415424 0.428437 0.526861 0.635426 0.524115 0.462403 0.522227 0.339920 0.550931 0.574274 0.384972 0.546307 0.616204 0.563425 0.510874 0.533851 0.503765 0.470199 0.425997 0.412069 0.507272 0.594065 0.435450 0.573916 0.503619
352 7 1806 48 120 7.2 72 0.615456 0.462850 0.431336 0.553941 0.630726 0.353721 0.340028 0.630923 0.390563 0.478424 0.496957 0.412052 0.455298 0.435648 0.565066 0.440658 0.447637 0.399456 0.568563 0.533934 0.402447 0.555924 0.446969 0.382422 0.376884 0.550899 0.562126 0.482292 0.334342 0.583467 0.477367
353 7 1807 48 120 7.2 72 0.522207 0.410217 0.554638 0.571196 0.424670 0.522392 0.458035 0.460929 0.502487 0.343296 0.448067 0.427332 0.445402 0.534121 0.494196 0.452640 0.386284 0.648531 0.512596 0.496642 0.614054 0.506755 0.439890 0.337108 0.499406 0.477459 0.472682 0.509544 0.393082 0.433884 0.476658
354 7 1806 48 120 7.2 72 0.655449 0.478292 0.436269 0.472005 0.513057 0.530960 0.463079 0.576608 0.656016 0.387356 0.416363 0.596011 0.497952 0.441413 0.406332 0.524840 0.494631 0.551146 0.513804 0.436361 0.563591 0.441993 0.457849 0.464406 0.409768 0.460360 0.513519 0.480341 0.321113 0.542621 0.490117
355 7 1809 48 120 7.2 72 0.560011 0.571843 0.509336 0.458244 0.533149 0.460459 0.547388 0.502907 0.593662 0.675926 0.380714 0.391671 0.544889 0.473363 0.560540 0.413875 0.558056 0.415307 0.487105 0.652601 0.355901 0.484213 0.416866 0.574510 0.497422 0.558294 0.509650 0.478752 0.454078 0.486650 0.503579
356 7 1766 48 120 7.2 144 0.453421 0.620991 0.539173 0.504548 0.524524 0.472425 0.532721 0.406402 0.504706 0.427894 0.524273 0.548864 0.503914 0.441771 0.492433 0.628559 0.623622 0.550369 0.591334 0.404054 0.504937 0.583178 0.328030 0.482494 0.409672 0.373238 0.657083 0.457947 0.422531 0.543551 0.501955
357 7 1776 48 120 7.2 144 0.507694 0.462735 0.369919 0.493638 0.411876 0.467440 0.512204 0.434471 0.527680 0.624042 0.448211 0.580252 0.597274 0.517675 0.456397 0.526680 0.479615 0.442758 0.508379 0.534922 0.378728 0.410425 0.553210 0.449662 0.445035 0.390475 0.572527 0.518301 0.563195 0.462520 0.488265
358 43 634 48 72 6.4 64 0.564938 0.519372 0.448926 0.575839 0.598545 0.537150 0.494609 0.415965 0.568353 0.670453 0.385481 0.574574 0.408256 0.414828 0.599846 0.460832 0.608766 0.364615 0.502355 0.487550 0.536254 0.461763 0.500075 0.396870 0.512414 0.473738 0.475620 0.494829 0.457927 0.504447 0.500506
359 44 670 48 72 6.4 64 0.506234 0.603371 0.587640 0.640241 0.633964 0.584624 0.548039 0.586819 0.512487 0.498009 0.570066 0.541348 0.511937 0.486636 0.466896 0.344985 0.471041 0.493096 0.537529 0.552621 0.430776 0.512339 0.687039 0.630377 0.474919 0.419668 0.557909 0.329220 0.488060 0.505270 0.523772
360 44 670 48 72 6.4 64 0.321193 0.457579 0.386768 0.471783 0.442481 0.620786 0.522636 0.351790 0.448311 0.495701 0.359274 0.543923 0.442278 0.526857 0.651951 0.581114 0.595381 0.623882 0.685118 0.528475 0.498051 0.494617 0.599975 0.558745 0.575881 0.355276 0.348031 0.608028 0.410704 0.554727 0.502044
361 36 1456 48 72 6.4 64 0.598378 0.402625 0.483210 0.588934 0.366961 0.529701 0.370612 0.388306 0.509020 0.663562 0.424638 0.524274 0.336523 0.585903 0.589811 0.459118 0.547503 0.613155 0.518197 0.633247 0.503295 0.631033 0.479594 0.586058 0.537431 0.372086 0.581694 0.500305 0.552747 0.381960 0.508663
362 36 1456 48 72 6.4 64 0.488340 0.448466 0.426074 0.501096 0.417633 0.557684 0.586109 0.316061 0.447990 0.467496 0.465276 0.514134 0.544126 0.513708 0.492459 0.396441 0.385117 0.552908 0.421872 0.519146 0.647667 0.563390 0.569996 0.431917 0.473096 0.380635 0.551481 0.440494 0.585915 0.530841 0.487919
363 39 489 48 120 6.4 64 0.611221 0.423640 0.560238 0.403047 0.365321 0.546615 0.419333 0.405991 0.458881 0.434450 0.422718 0.603488 0.419033 0.453605 0.544451 0.445477 0.497967 0.516413 0.467059 0.530725 0.489668 0.528192 0.583976 0.354208 0.585013 0.475654 0.507740 0.429819 0.545647 0.466594 0.483206
364 39 489 48 120 6.4 64 0.577007 0.572335 0.428825 0.544991 0.500754 0.583332 0.571718 0.385209 0.565362 0.443726 0.493430 0.350158 0.396041 0.534672 0.422123 0.405760 0.518191 0.472576 0.473876 0.518537 0.352038 0.545414 0.527831 0.597757 0.325137 0.483610 0.463637 0.532162 0.389536 0.616645 0.486413
365 39 489 48 120 6.4 64 0.456531 0.493254 0.422036 0.341713 0.576459 0.491091 0.515819 0.486541 0.478736 0.584795 0.442148 0.472792 0.464409 0.539639 0.454964 0.651639 0.600978 0.562355 0.610945 0.501397 0.483518 0.565560 0.639325 0.479053 0.347796 0.502456 0.621186 0.604751 0.647263 0.632381 0.522384
366 39 489 48 120 6.4 64 0.426004 0.653034 0.559103 0.401938 0.463254 0.643370 0.651276 0.457296 0.563127 0.573981 0.491565 0.415010 0.308213 0.408624 0.603234 0.455250 0.380187 0.437458 0.427537 0.384931 0.439924 0.541183 0.588885 0.473034 0.495416 0.466063 0.494072 0.541706 0.544766 0.616493 0.496865
367 39 489 48 120 6.4 64 0.537135 0.583844 0.546696 0.562321 0.387556 0.401391 0.562318 0.403354 0.565318 0.609677 0.579930 0.553132 0.484302 0.477505 0.375714 0.497648 0.555897 0.518105 0.433175 0.523030 0.563719 0.471845 0.464888 0.581084 0.523493 0.559056 0.617337 0.531614 0.405102 0.422628 0.509961
368 38 1367 48 120 6.4 128 0.429995 0.486633 0.464824 0.533638 0.484545 0.450987 0.475913 0.580426 0.352784 0.642389 0.483682 0.414383 0.540586 0.584842 0.492857 0.381310 0.541524 0.390069 0.595106 0.574637 0.331272 0.459756 0.515540 0.475269 0.490723 0.497208 0.643376 0.479266 0.564755 0.455680 0.493799
369 38 1367 48 120 6.4 128 0.443847 0.528913 0.521929 0.574276 0.489794 0.472702 0.494638 0.463723 0.507132 0.470848 0.569002 0.660741 0.506446 0.475151 0.538685 0.409686 0.464223 0.627434 0.518926 0.425734 0.577635 0.552387 0.490786 0.362318 0.450124 0.398611 0.497913 0.471372 0.605837 0.541605 0.503747
370 37 531 48 120 6.4 64 0.442078 0.464307 0.453921 0.579723 0.508741 0.419575 0.468970 0.337437 0.461154 0.529350 0.520173 0.469055 0.354120 0.555412 0.441032 0.381998 0.386982 0.552159 0.528634 0.485710 0.448242 0.652547 0.542264 0.439743 0.581872 0.585080 0.553764 0.504769 0.491503 0.378249 0.483952
371 37 531 48 120 6.4 64 0.472695 0.408351 0.656959 0.529780 0.602856 0.474794 0.660267 0.379380 0.623811 0.558371 0.483854 0.342316 0.636982 0.443348 0.533362 0.603222 0.585756 0.486212 0.396509 0.423820 0.444492 0.455744 0.502828 0.592016 0.439643 0.573179 0.473029 0.494508 0.561644 0.486964 0.510890
372 37 531 48 120 6.4 64 0.557696 0.566826 0.448823 0.537874 0.522151 0.615028 0.539553 0.447697 0.480484 0.338698 0.482060 0.401889 0.446165 0.520909 0.656089 0.459539 0.433063 0.338024 0.461148 0.371399 0.451745 0.548220 0.582348 0.518432 0.529067 0.462173 0.476418 0.625099 0.331708 0.465069 0.487180
373 37 531 48 120 6.4 64 0.466461 0.488549 0.492239 0.556493 0.429811 0.544494 0.538256 0.443022 0.350807 0.591296 0.649186 0.528276 0.512666 0.466204 0.428857 0.665208 0.471858 0.452793 0.458830 0.538631 0.348633 0.526763 0.415493 0.467720 0.485802 0.681726 0.343274 0.653833 0.511626 0.498143 0.500232
374 10 153 48 480 7.2 144 0.437031 0.620590 0.402644 0.522714 0.590334 0.388082 0.432153 0.674910 0.514688 0.419540 0.412825 0.566591 0.554250 0.479135 0.480780 0.558941 0.482905 0.520947 0.459851 0.470452 0.391930 0.603982 0.643601 0.561943 0.459443 0.507257 0.477127 0.593814 0.498964 0.492648 0.507336
375 4 1765 48 144 7.2 216 0.582064 0.489622 0.621980 0.419206 0.451897 0.506643 0.463476 0.492670 0.417395 0.613875 0.475124 0.533412 0.654610 0.481173 0.529452 0.525386 0.405289 0.525626 0.690661 0.521018 0.553616 0.633963 0.461250 0.441405 0.514378 0.494302 0.385307 0.472115 0.556603 0.603465 0.517233
376 24 48 48 216 1 20 0.533655 0.510698 0.595478 0.590568 0.413624 0.471829 0.599860 0.418393 0.629086 0.620696 0.460680 0.453097 0.608107 0.428688 0.492079 0.440013 0.521843 0.671313 0.572486 0.653357 0.500043 0.394300 0.522013 0.462790 0.620078 0.412877 0.492294 0.645209 0.323466 0.350851 0.513649
377 4 1764 48 144 7.2 216 0.539220 0.596874 0.681099 0.594993 0.375028 0.482667 0.444230 0.549262 0.398380 0.566313 0.531974 0.506955 0.343562 0.496124 0.551955 0.453092 0.478527 0.580774 0.563989 0.470499 0.549434 0.502325 0.532580 0.485168 0.399622 0.408068 0.444914 0.581756 0.559594 0.394566 0.502118
378 33 486 48 72 1 40 0.416260 0.481746 0.464884 0.616561 0.572110 0.429641 0.388148 0.530775 0.376978 0.610198 0.498308 0.439922 0.444222 0.453699 0.488610 0.569577 0.544968 0.514147 0.519873 0.561818 0.408821 0.451903 0.432973 0.472244 0.470347 0.452635 0.633542 0.412535 0.528861 0.494994 0.489377
379 33 494 48 72 1 30 0.487587 0.453592 0.556817 0.543816 0.408269 0.452927 0.475323 0.529533 0.347333 0.430127 0.455681 0.517623 0.444061 0.550639 0.557300 0.682376 0.480188 0.525291 0.416760 0.465943 0.411670 0.591413 0.458568 0.473058 0.596234 0.497027 0.416317 0.505113 0.418452 0.609284 0.491944
380 33 495 48 72 2 80 0.333743 0.634853 0.465497 0.457304 0.433958 0.449215 0.566738 0.570161 0.532667 0.468879 0.491692 0.616431 0.613421 0.586855 0.588913 0.568269 0.504883 0.435165 0.427289 0.536108 0.478548 0.388922 0.462361 0.373320 0.510957 0.507076 0.556127 0.599051 0.651369 0.366918 0.505890
381 4 1834 48 144 7.2 216 0.513818 0.440847 0.443128 0.555622 0.542443 0.532861 0.440025 0.542428 0.491011 0.356733 0.523170 0.510680 0.385491 0.423293 0.583619 0.371369 0.611970 0.504564 0.369780 0.434933 0.517940 0.516974 0.492722 0.507528 0.567762 0.459714 0.528864 0.425356 0.396501 0.381676 0.479094
382 4 1846 48 144 7.2 216 0.425665 0.508661 0.431147 0.497430 0.514383 0.517071 0.594601 0.394456 0.604718 0.566552 0.424835 0.575346 0.524367 0.491051 0.306294 0.559874 0.521418 0.498516 0.418838 0.501464 0.502861 0.637669 0.454826 0.596951 0.441144 0.448402 0.512653 0.457176 0.487626 0.657319 0.502444
383 45 1367 48 120 6.4 128 0.634089 0.497500 0.459802 0.654705 0.494012 0.414239 0.372421 0.485906 0.456113 0.622693 0.488297 0.529796 0.507873 0.420882 0.566971 0.562262 0.430604 0.500356 0.460004 0.506175 0.390738 0.454935 0.523258 0.514745 0.411211 0.411853 0.563295 0.569099 0.591320 0.523393 0.500618
384 30 1518 48 216 7.2 288 0.412119 0.641149 0.661172 0.533505 0.570000 0.567261 0.446801 0.626703 0.494316 0.592757 0.455851 0.407698 0.463395 0.468270 0.557231 0.489675 0.484456 0.477436 0.482674 0.562079 0.479796 0.649944 0.468193 0.575219 0.655266 0.563486 0.339476 0.546205 0.429185 0.549447 0.521692
385 4 1844 48 144 7.2 216 0.453570 0.472853 0.460461 0.570669 0.461415 0.512377 0.426318 0.431143 0.500590 0.592819 0.392449 0.439467 0.461365 0.495894 0.550672 0.493881 0.651944 0.360663 0.534935 0.541962 0.614624 0.497391 0.449704 0.522620 0.473209 0.390084 0.530207 0.448606 0.471918 0.621824 0.494188
386 33 1514 48 48 7.2 288 0.394247 0.403647 0.558529 0.461132 0.565908 0.481940 0.410190 0.409698 0.454624 0.426489 0.383907 0.440065 0.515118 0.562243 0.444421 0.506305 0.452688 0.341811 0.564974 0.373758 0.569126 0.548053 0.458483 0.591716 0.612870 0.488858 0.603911 0.421372 0.493562 0.492001 0.481055
387 33 1515 48 48 7.2 288 0.463221 0.539418 0.546133 0.442929 0.557916 0.343024 0.397649 0.481280 0.478058 0.497253 0.361988 0.505762 0.616565 0.502468 0.336001 0.487020 0.350663 0.500844 0.572966 0.570428 0.498395 0.515569 0.528973 0.554242 0.513518 0.654593 0.567512 0.506457 0.573064 0.589112 0.501767
388 33 1516 48 48 7.2 288 0.383776 0.621258 0.523372 0.676251 0.559119 0.563505 0.485676 0.448826 0.490008 0.602241 0.555483 0.532774 0.376433 0.532152 0.464878 0.505622 0.543178 0.580070 0.485989 0.341457 0.515552 0.322546 0.582773 0.338855 0.434233 0.484857 0.443904 0.433534 0.538640 0.461646 0.494287
389 33 1517 48 48 7.2 288 0.491364 0.536391 0.564332 0.515487 0.468439 0.602148 0.596944 0.410492 0.565239 0.428419 0.420528 0.345803 0.521545 0.588536 0.567173 0.508183 0.639774 0.461855 0.458830 0.435677 0.429246 0.455674 0.484235 0.447262 0.628615 0.431829 0.468605 0.404809 0.610058 0.487540 0.499168
390 33 1518 48 48 7.2 288 0.584816 0.473231 0.488457 0.556876 0.555754 0.474451 0.489063 0.478702 0.428260 0.474472 0.578180 0.386187 0.418354 0.616709 0.551546 0.398673 0.560460 0.398126 0.497810 0.522202 0.558489 0.459218 0.423606 0.665535 0.573443 0.469672 0.442908 0.394654 0.491197 0.324092 0.491171
391 33 1519 48 48 7.2 288 0.574592 0.478954 0.593227 0.468447 0.634110 0.585644 0.486365 0.589658 0.455099 0.695155 0.382196 0.531141 0.476564 0.494188 0.637588 0.448247 0.532038 0.460816 0.406108 0.441138 0.513362 0.401172 0.411627 0.543813 0.562098 0.369961 0.574264 0.596596 0.535307 0.472442 0.511731
392 4 1836 48 144 7.2 216 0.482182 0.412244 0.417446 0.628609 0.647312 0.556324 0.576815 0.420537 0.601644 0.393549 0.413973 0.499510 0.456477 0.526867 0.614668 0.445652 0.460268 0.568324 0.462870 0.605690 0.352324 0.598818 0.616850 0.360991 0.473675 0.520781 0.505106 0.412489 0.334570 0.609309 0.499196
393 31 1713 48 480 6.4 192 0.385848 0.669264 0.394831 0.495077 0.663524 0.592721 0.507486 0.403694 0.521848 0.529555 0.457843 0.493801 0.611856 0.401271 0.534199 0.471016 0.524184 0.549352 0.495508 0.558217 0.591177 0.425311 0.432457 0.401905 0.632052 0.434329 0.381087 0.387081 0.479742 0.604887 0.501037
394 31 1713 48 480 6.4 192 0.391751 0.434528 0.421532 0.534923 0.462142 0.654355 0.537115 0.504024 0.516080 0.603494 0.561405 0.402648 0.483744 0.535368 0.516559 0.627681 0.352326 0.613289 0.475506 0.361980 0.425824 0.420722 0.406941 0.352241 0.571866 0.413802 0.460632 0.514978 0.496742 0.465868 0.484002
395 22 669 48 264 7.2 216 0.527655 0.579001 0.516087 0.490180 0.431099 0.525945 0.509397 0.397085 0.449480 0.563915 0.621967 0.464257 0.607275 0.442908 0.575739 0.497455 0.510032 0.535865 0.537031 0.465499 0.503852 0.371059 0.470979 0.530836 0.646899 0.400490 0.434796 0.491297 0.394292 0.510361 0.500091
396 22 1312 48 264 7.2 288 0.453809 0.599325 0.456724 0.486797 0.664573 0.381470 0.596837 0.500947 0.478339 0.631443 0.689210 0.424861 0.586867 0.433224 0.336572 0.553962 0.468270 0.521324 0.410189 0.594142 0.505073 0.573591 0.470331 0.435771 0.634985 0.506272 0.473083 0.389504 0.415112 0.528959 0.506719
397 22 1313 48 264 7.2 288 0.525228 0.588014 0.558891 0.410291 0.631995 0.523289 0.593528 0.449244 0.642768 0.636062 0.454012 0.610986 0.652679 0.607802 0.493495 0.404353 0.629654 0.305319 0.441797 0.511481 0.457887 0.621541 0.524072 0.642922 0.368832 0.481191 0.407254 0.580817 0.562768 0.575738 0.529797
398 22 1314 48 264 7.2 216 0.637333 0.439273 0.569252 0.531735 0.476861 0.424377 0.584875 0.375117 0.645857 0.448652 0.607324 0.399387 0.555682 0.633271 0.410217 0.488336 0.538071 0.561605 0.329352 0.396868 0.457775 0.390603 0.527616 0.494136 0.535178 0.454615 0.399946 0.556588 0.490655 0.375048 0.491187
399 22 662 48 264 7.2 288 0.659005 0.615386 0.465258 0.447541 0.668964 0.474700 0.606669 0.395011 0.493189 0.517787 0.600498 0.542885 0.571768 0.560992 0.434055 0.390797 0.686159 0.521858 0.520902 0.470305 0.597769 0.536271 0.585705 0.645774 0.483668 0.529838 0.596141 0.449721 0.551421 0.448557 0.535620
400 22 879 48 264 7.2 288 0.441893 0.501571 0.483226 0.585561 0.663216 0.381532 0.389947 0.575418 0.439354 0.498993 0.519132 0.536447 0.391199 0.567613 0.547299 0.512526 0.585952 0.473395 0.503830 0.622666 0.474949 0.521487 0.518968 0.571501 0.639384 0.515745 0.396943 0.562604 0.469871 0.538163 0.514346
401 22 881 48 264 7.2 288 0.612268 0.483702 0.477481 0.556978 0.466686 0.569811 0.591274 0.515250 0.504606 0.630832 0.577741 0.527517 0.566623 0.537290 0.345291 0.513867 0.343949 0.634243 0.388906 0.620336 0.574110 0.552774 0.590248 0.442412 0.579457 0.465904 0.654026 0.441053 0.488893 0.361838 0.520512
402 22 790 48 264 7.2 216 0.491459 0.673131 0.445100 0.571514 0.429424 0.564592 0.509690 0.460470 0.479181 0.466982 0.578499 0.588544 0.592910 0.463405 0.524821 0.555739 0.585540 0.434928 0.582930 0.390021 0.550853 0.530165 0.458221 0.499438 0.422047 0.474973 0.445514 0.547002 0.467474 0.575388 0.511998
403 22 797 48 264 7.2 216 0.608690 0.559935 0.642944 0.460688 0.394438 0.517100 0.614598 0.545140 0.512487 0.560507 0.507803 0.478431 0.543958 0.426054 0.385108 0.520661 0.600776 0.479919 0.445154 0.549239 0.506677 0.478159 0.620632 0.391050 0.640721 0.578204 0.605111 0.453339 0.514551 0.381098 0.517439
404 22 1214 48 264 7.2 216 0.693300 0.488157 0.357112 0.509839 0.536910 0.447997 0.498896 0.584500 0.663407 0.440100 0.434412 0.532166 0.431444 0.331519 0.439622 0.340767 0.523868 0.586134 0.482105 0.510522 0.514115 0.481620 0.589693 0.516893 0.527316 0.605598 0.659140 0.557674 0.546832 0.661964 0.516454
405 22 1034 48 264 7.2 288 0.574597 0.445205 0.472100 0.610581 0.628963 0.460039 0.469015 0.642097 0.403728 0.594149 0.666841 0.440540 0.507807 0.401495 0.661024 0.568613 0.501496 0.495087 0.458363 0.575824 0.522032 0.550362 0.549684 0.531469 0.511124 0.665448 0.492932 0.515448 0.365239 0.525370 0.526889
406 22 1032 48 264 7.2 216 0.499426 0.486801 0.638788 0.417078 0.512375 0.512169 0.367850 0.466758 0.597074 0.408768 0.540503 0.372340 0.550032 0.514475 0.635101 0.552422 0.548636 0.498153 0.546174 0.632323 0.666781 0.431211 0.490181 0.507833 0.538672 0.462612 0.514497 0.600388 0.634436 0.407418 0.518376
407 22 1209 48 264 7.2 216 0.508086 0.540331 0.458609 0.323281 0.523273 0.548241 0.469316 0.397850 0.657436 0.524239 0.506046 0.553134 0.553728 0.441081 0.521456 0.561096 0.419780 0.420412 0.532526 0.498992 0.397775 0.384430 0.634363 0.515393 0.636144 0.476057 0.480571 0.544158 0.405265 0.465722 0.496626
408 22 1206 48 264 7.2 216 0.387573 0.468560 0.546967 0.601639 0.499936 0.421513 0.479204 0.434652 0.666101 0.528654 0.464856 0.559093 0.504832 0.340399 0.522497 0.662063 0.368787 0.472777 0.416108 0.646037 0.505912 0.319310 0.475443 0.347035 0.612889 0.513102 0.593928 0.640476 0.422795 0.525844 0.498299
409 22 1227 48 264 7.2 288 0.420594 0.432174 0.466192 0.598846 0.616389 0.521052 0.515389 0.606806 0.546734 0.601887 0.419161 0.409124 0.579666 0.349268 0.355695 0.507665 0.642056 0.631126 0.575808 0.457903 0.452691 0.467106 0.420139 0.503733 0.610660 0.499530 0.521900 0.685418 0.620000 0.629470 0.522139
410 22 948 48 264 7.2 216 0.624426 0.509838 0.476374 0.489301 0.396491 0.511206 0.464522 0.471042 0.438406 0.579198 0.422749 0.479841 0.469310 0.618323 0.620564 0.577006 0.614991 0.547065 0.586532 0.388896 0.504009 0.535930 0.460138 0.505544 0.515628 0.506490 0.477580 0.509502 0.426786 0.460079 0.506259
411 22 886 48 264 7.2 288 0.489294 0.425870 0.633215 0.484677 0.486577 0.381186 0.343666 0.391354 0.512651 0.523289 0.456435 0.675160 0.564572 0.564602 0.544797 0.505588 0.357711 0.634750 0.456747 0.518334 0.610681 0.508749 0.530514 0.555572 0.506980 0.361454 0.455678 0.422716 0.646474 0.364767 0.497135
412 22 1610 48 264 7.2 216 0.581812 0.599483 0.555374 0.504856 0.419429 0.472238 0.544870 0.615460 0.388837 0.636732 0.607202 0.548319 0.376401 0.427627 0.428604 0.530394 0.335319 0.621050 0.428384 0.542365 0.622186 0.319471 0.438676 0.577898 0.583829 0.664675 0.667857 0.582211 0.472461 0.586083 0.522670
413 33 1606 48 72 0.6 18 0.359838 0.406459 0.440335 0.537158 0.602818 0.483922 0.514644 0.595594 0.527070 0.428024 0.601483 0.554847 0.447679 0.542591 0.482403 0.481910 0.449154 0.611040 0.578913 0.497629 0.521144 0.527150 0.477869 0.544052 0.489553 0.535796 0.433559 0.529729 0.396033 0.611554 0.506998
414 33 1607 48 72 0.6 18 0.497694 0.421114 0.461834 0.632771 0.443248 0.540227 0.625499 0.478484 0.507388 0.450918 0.514551 0.393163 0.397735 0.580963 0.603678 0.636887 0.511267 0.499593 0.400842 0.681150 0.493692 0.393528 0.435246 0.584447 0.421484 0.562172 0.575552 0.439069 0.524574 0.487213 0.506533
415 33 462 48 72 1 30 0.406868 0.520445 0.357308 0.627125 0.563410 0.422953 0.429748 0.459479 0.514269 0.635869 0.465251 0.637017 0.620925 0.467360 0.426696 0.531272 0.476932 0.410670 0.452789 0.371358 0.421314 0.424688 0.534594 0.487376 0.598546 0.374503 0.440222 0.505795 0.511714 0.407094 0.483453
416 21 1430 48 216 7.2 144 0.646466 0.367358 0.541195 0.481091 0.506976 0.525320 0.416590 0.626679 0.472133 0.407140 0.391123 0.436722 0.474634 0.512962 0.577920 0.563969 0.397833 0.434020 0.527556 0.513161 0.376902 0.532396 0.615531 0.629126 0.531427 0.450325 0.524740 0.489667 0.558034 0.540722 0.502324
417 21 1430 48 216 7.2 144 0.523956 0.466168 0.668987 0.490785 0.619714 0.410684 0.507429 0.469737 0.407483 0.529611 0.418103 0.648908 0.691708 0.602815 0.471599 0.340926 0.575244 0.407325 0.491819 0.547865 0.508479 0.434755 0.479384 0.586911 0.468034 0.631813 0.483552 0.482806 0.553972 0.488445 0.513634
418 21 1398 48 216 7.2 216 0.476282 0.470543 0.461496 0.478636 0.551220 0.428348 0.431745 0.423601 0.424772 0.599444 0.534912 0.525386 0.610716 0.509885 0.562589 0.480712 0.531240 0.430695 0.406332 0.393231 0.533204 0.455002 0.584376 0.565710 0.526471 0.363803 0.431811 0.510621 0.411971 0.475338 0.486336
419 21 1398 48 216 7.2 216 0.503531 0.420105 0.488251 0.543531 0.475720 0.536781 0.447870 0.557444 0.513102 0.411662 0.479305 0.567897 0.425797 0.481392 0.493614 0.597250 0.402198 0.625839 0.459051 0.626799 0.523892 0.554485 0.600367 0.539050 0.569451 0.382825 0.326334 0.595024 0.364963 0.591409 0.503498
420 21 1398 48 216 7.2 216 0.458315 0.611368 0.427438 0.409764 0.430541 0.587103 0.470397 0.614792 0.517451 0.582784 0.494954 0.546014 0.452247 0.390111 0.512786 0.610923 0.410279 0.482249 0.506569 0.525252 0.412527 0.510753 0.493818 0.663452 0.542511 0.612206 0.656296 0.536017 0.408313 0.488659 0.512196
421 21 1398 48 216 7.2 216 0.560193 0.404153 0.474574 0.474211 0.416776 0.339954 0.542043 0.579319 0.625672 0.517767 0.420610 0.607908 0.651253 0.634642 0.513835 0.604336 0.668779 0.604707 0.374237 0.403901 0.454946 0.477452 0.409357 0.676162 0.570684 0.537250 0.644556 0.460175 0.548055 0.635976 0.527783
422 29 289 48 216 7.2 288 0.381522 0.521745 0.573293 0.335727 0.606639 0.482809 0.416296 0.590914 0.423943 0.449732 0.504129 0.617988 0.497911 0.613198 0.364505 0.438218 0.456623 0.489511 0.486107 0.356890 0.558578 0.561368 0.491434 0.380122 0.510532 0.402235 0.658285 0.526603 0.554299 0.339204 0.486345
423 5 1873 48 96 7.2 72 0.474510 0.612609 0.474360 0.353653 0.537989 0.544271 0.463862 0.574508 0.591788 0.568583 0.480487 0.465440 0.632417 0.550098 0.510766 0.497753 0.446061 0.616745 0.619390 0.382363 0.536592 0.459653 0.501766 0.395300 0.576957 0.575494 0.392542 0.377157 0.472832 0.410998 0.503231
424 47 531 48 120 7.2 72 0.573970 0.566997 0.595574 0.327778 0.332799 0.575738 0.598082 0.525062 0.411801 0.527055 0.598550 0.491992 0.599363 0.569197 0.392014 0.398784 0.546155 0.426340 0.557470 0.380576 0.385652 0.637641 0.317530 0.570878 0.436551 0.363245 0.379705 0.460101 0.505955 0.495150 0.484924
425 35 1792 72 192 7.8 156 0.425634 0.668925 0.522339 0.422005 0.451806 0.539043 0.596080 0.370009 0.421632 0.322474 0.418609 0.425768 0.407291 0.508584 0.653287 0.545072 0.545823 0.377861 0.422327 0.460351 0.674671 0.413991 0.529189 0.519403 0.521462 0.501335 0.451103 0.484721 0.581499 0.554520 0.491227
426 8 1875 72 144 7.2 72 0.506206 0.533830 0.649514 0.441892 0.559799 0.371918 0.370871 0.465945 0.553826 0.525609 0.579237 0.379976 0.562722 0.549298 0.330983 0.556967 0.384015 0.518482 0.618187 0.470054 0.540270 0.539550 0.372597 0.444896 0.586766 0.489902 0.556387 0.496051 0.499939 0.562425 0.500604
427 34 1695 72 144 7.2 288 0.458360 0.691503 0.423381 0.518281 0.358446 0.468023 0.492862 0.492175 0.621742 0.589178 0.652905 0.492587 0.610151 0.490195 0.406614 0.558735 0.483215 0.344254 0.405615 0.459179 0.671381 0.528464 0.478755 0.333407 0.570810 0.535506 0.417569 0.519542 0.421296 0.387107 0.496041
428 33 771 72 144 1 30 0.476927 0.409508 0.464272 0.341647 0.477140 0.455826 0.640131 0.510122 0.434978 0.497289 0.551334 0.486087 0.635088 0.413074 0.650281 0.369144 0.644459 0.373161 0.460819 0.495284 0.452137 0.437158 0.632673 0.574660 0.482504 0.332209 0.456973 0.412642 0.528060 0.541018 0.487887
429 33 767 72 144 1 30 0.485256 0.398731 0.401756 0.450172 0.551610 0.575782 0.595730 0.471946 0.651363 0.371063 0.489120 0.482647 0.429447 0.461543 0.436657 0.598757 0.458123 0.617897 0.653120 0.569403 0.511319 0.516091 0.462742 0.424701 0.400850 0.460458 0.528578 0.651946 0.435330 0.519519 0.502055
430 33 759 72 144 1 30 0.437701 0.579886 0.497704 0.493856 0.339393 0.502204 0.387445 0.558633 0.526474 0.380651 0.498180 0.521697 0.606581 0.642223 0.445879 0.489628 0.566563 0.570781 0.448650 0.406989 0.589645 0.368715 0.440452 0.528669 0.461794 0.581623 0.496480 0.408119 0.447718 0.460009 0.489478
431 33 773 72 144 1 30 0.665689 0.522185 0.507399 0.581387 0.531677 0.641846 0.520576 0.398127 0.553964 0.554534 0.424882 0.573145 0.450321 0.570604 0.483955 0.579530 0.329549 0.444496 0.407353 0.344974 0.533059 0.562123 0.379352 0.492860 0.615056 0.408670 0.527001 0.511376 0.519744 0.560993 0.506548
432 33 761 72 144 1 30 0.392842 0.447933 0.448580 0.546715 0.490438 0.414158 0.401404 0.640742 0.399565 0.597136 0.510807 0.471772 0.458813 0.550468 0.510290 0.527696 0.531793 0.477885 0.461644 0.585483 0.352562 0.450442 0.513585 0.514211 0.603360 0.366849 0.549606 0.402710 0.371486 0.373699 0.478822
433 33 762 72 144 1 30 0.410116 0.504609 0.630789 0.437117 0.559903 0.652942 0.464477 0.481690 0.558819 0.498485 0.509236 0.504998 0.530724 0.477987 0.411350 0.580952 0.578136 0.489420 0.396020 0.615821 0.444431 0.438352 0.531420 0.511890 0.364797 0.587890 0.434319 0.358237 0.432363 0.436430 0.494457
434 33 763 72 144 1 30 0.410501 0.598209 0.500117 0.460736 0.560275 0.537584 0.339249 0.563044 0.498439 0.537431 0.544340 0.510270 0.356660 0.518819 0.429255 0.517296 0.323920 0.545552 0.517043 0.471608 0.609924 0.414605 0.430469 0.507382 0.617635 0.556963 0.450045 0.511588 0.502188 0.413089 0.491808
435 33 766 72 144 1 30 0.426992 0.522826 0.463581 0.461755 0.444317 0.397639 0.451098 0.348015 0.521869 0.533005 0.502375 0.480153 0.421600 0.357730 0.574983 0.556560 0.599694 0.426536 0.514572 0.557809 0.584390 0.538558 0.604775 0.579289 0.469927 0.365950 0.527053 0.513849 0.603825 0.442080 0.493094
436 33 768 72 144 1 30 0.502232 0.457455 0.431582 0.420306 0.463446 0.499919 0.550318 0.550325 0.491392 0.476806 0.559674 0.620411 0.495995 0.520387 0.571939 0.536788 0.629474 0.378828 0.392633 0.304654 0.349960 0.363263 0.329949 0.448117 0.300871 0.488692 0.552690 0.644292 0.388196 0.471592 0.473073
437 33 770 72 144 1 30 0.531660 0.651784 0.556291 0.472701 0.449661 0.533537 0.454265 0.352910 0.398011 0.406523 0.491192 0.626377 0.663430 0.617328 0.398112 0.529521 0.638307 0.571241 0.602139 0.626267 0.418180 0.394905 0.551625 0.490839 0.604686 0.543774 0.447820 0.342482 0.513073 0.371153 0.508326
438 33 774 72 144 1 30 0.542978 0.431294 0.478334 0.473764 0.354524 0.486008 0.493018 0.418329 0.332581 0.609406 0.534256 0.643029 0.600552 0.547659 0.550032 0.427342 0.446228 0.537825 0.645734 0.422660 0.542437 0.576827 0.681752 0.359413 0.513069 0.593041 0.512158 0.545843 0.570993 0.549154 0.514008
439 33 772 72 144 1 30 0.556480 0.451398 0.384103 0.471417 0.580238 0.509126 0.472805 0.611375 0.552000 0.508327 0.460178 0.530133 0.480444 0.516743 0.472536 0.663682 0.563563 0.408677 0.538175 0.605949 0.538931 0.480627 0.644420 0.383160 0.442324 0.404935 0.622395 0.531587 0.489899 0.508002 0.512788
440 33 764 72 144 1 30 0.540084 0.606081 0.465760 0.619154 0.662813 0.407722 0.465324 0.528582 0.557114 0.590857 0.515326 0.657322 0.571090 0.581572 0.478067 0.581153 0.602316 0.672438 0.509002 0.503953 0.515710 0.442749 0.510358 0.632053 0.555698 0.541006 0.569685 0.497824 0.461366 0.585621 0.547593
441 33 1367 72 144 8 160 0.472817 0.628967 0.504679 0.579787 0.432385 0.467603 0.480665 0.559022 0.392272 0.530405 0.490505 0.584882 0.608451 0.422746 0.306906 0.571499 0.500904 0.392866 0.407464 0.376004 0.636824 0.439092 0.480249 0.581757 0.508577 0.387903 0.578179 0.343364 0.349878 0.398418 0.480502
442 33 769 72 144 1 30 0.421890 0.566155 0.375544 0.442389 0.637398 0.483721 0.469119 0.479555 0.544518 0.454975 0.476124 0.429135 0.485154 0.518824 0.495640 0.524456 0.357879 0.498259 0.350214 0.459908 0.349832 0.545244 0.594615 0.475215 0.507962 0.388547 0.542162 0.525697 0.467584 0.652135 0.483995
443 33 777 72 144 1 30 0.498052 0.346757 0.355621 0.497474 0.613225 0.494910 0.508947 0.381469 0.551482 0.549165 0.621164 0.490722 0.558311 0.438961 0.664223 0.352415 0.457433 0.566483 0.592164 0.431622 0.481242 0.328697 0.401345 0.595202 0.567587 0.628188 0.488559 0.500415 0.492495 0.544342 0.499956
444 33 782 72 144 1 30 0.476222 0.622530 0.533555 0.362427 0.517937 0.544621 0.498212 0.611575 0.453203 0.414104 0.452391 0.462829 0.393669 0.411282 0.585938 0.426213 0.497230 0.321340 0.566057 0.575679 0.613010 0.565082 0.359245 0.420889 0.464941 0.540760 0.588838 0.435272 0.488609 0.545282 0.491631
445 33 760 72 144 1 30 0.615931 0.390128 0.405529 0.555877 0.634684 0.512975 0.487211 0.471272 0.544802 0.340534 0.505100 0.543491 0.529081 0.392229 0.494660 0.449373 0.511805 0.483795 0.372208 0.444990 0.635914 0.469149 0.479182 0.619638 0.613567 0.600213 0.398391 0.413840 0.514618 0.536205 0.498880
446 33 776 72 144 1 30 0.488913 0.683316 0.472816 0.445054 0.373113 0.570385 0.421823 0.481825 0.512312 0.436308 0.408586 0.403234 0.545462 0.329925 0.369279 0.569796 0.394975 0.536516 0.517917 0.326620 0.602178 0.404714 0.620367 0.594392 0.573897 0.422855 0.494887 0.495701 0.389016 0.476149 0.478744
447 33 780 72 144 1 30 0.528745 0.508459 0.574739 0.408116 0.400779 0.501983 0.594619 0.373753 0.502695 0.668203 0.513701 0.440590 0.559548 0.586782 0.470111 0.434266 0.444905 0.369093 0.485875 0.598282 0.567526 0.347045 0.537927 0.625585 0.476811 0.522560 0.596825 0.558186 0.400926 0.524477 0.504104
448 33 778 72 144 1 30 0.570530 0.605658 0.531724 0.560123 0.412173 0.520886 0.451691 0.565270 0.486063 0.349730 0.372847 0.382386 0.606898 0.407912 0.530625 0.471935 0.477374 0.492771 0.575682 0.618568 0.455820 0.507187 0.461762 0.457007 0.635810 0.502301 0.475748 0.598475 0.542127 0.543859 0.505698
449 33 786 72 144 1 40 0.621746 0.522282 0.535321 0.515390 0.493769 0.385317 0.497924 0.465508 0.503429 0.528271 0.441871 0.446482 0.447310 0.452039 0.502722 0.458253 0.613195 0.613846 0.513670 0.466976 0.456550 0.581927 0.503566 0.481447 0.445302 0.484141 0.534860 0.563857 0.606427 0.405557 0.502965
450 33 779 72 144 1 30 0.564327 0.453627 0.541786 0.470056 0.508746 0.460285 0.572888 0.517079 0.417785 0.551566 0.600459 0.529964 0.428291 0.570368 0.583515 0.421022 0.532066 0.499390 0.440181 0.496844 0.447171 0.514138 0.507627 0.408200 0.522458 0.442137 0.648242 0.577726 0.664075 0.316167 0.506939
451 33 781 72 144 1 30 0.422940 0.627404 0.624003 0.490738 0.672950 0.517481 0.448887 0.513979 0.426235 0.363871 0.484977 0.661734 0.520060 0.495216 0.475928 0.397753 0.420368 0.470020 0.573921 0.366032 0.589429 0.448958 0.509945 0.446537 0.568507 0.622927 0.541690 0.428029 0.606753 0.513789 0.508369
452 33 765 72 144 1 30 0.328080 0.464343 0.526647 0.448909 0.485430 0.435791 0.525257 0.514661 0.446078 0.510816 0.587135 0.410165 0.511047 0.459177 0.432626 0.575328 0.581719 0.427481 0.524796 0.639650 0.385406 0.555905 0.658694 0.446896 0.497232 0.387491 0.588782 0.432958 0.491730 0.415115 0.489845
453 33 783 72 144 1 30 0.417828 0.432768 0.392687 0.438209 0.457097 0.516618 0.521051 0.475887 0.430656 0.389607 0.380992 0.548323 0.488155 0.555546 0.475380 0.524513 0.474393 0.508431 0.447438 0.602761 0.498297 0.570258 0.504846 0.460519 0.499806 0.524646 0.586235 0.522586 0.472734 0.545976 0.488808
454 33 784 72 144 1 30 0.521328 0.544804 0.473819 0.569791 0.428726 0.458546 0.480023 0.441072 0.452494 0.435910 0.521212 0.493848 0.344069 0.628036 0.439735 0.544457 0.490210 0.573541 0.476379 0.466177 0.474579 0.498183 0.551455 0.614765 0.384598 0.442808 0.435220 0.471253 0.684766 0.495659 0.494582
455 33 785 72 144 1 40 0.416118 0.591795 0.531479 0.520915 0.576758 0.588969 0.659170 0.470780 0.561641 0.384840 0.617951 0.385966 0.543875 0.363287 0.379627 0.626249 0.490389 0.453141 0.593605 0.449268 0.618006 0.435378 0.457886 0.504145 0.436181 0.385917 0.364589 0.533777 0.568627 0.639231 0.504985
456 33 775 72 144 1 30 0.631595 0.418640 0.509829 0.631892 0.608314 0.437476 0.575977 0.425023 0.548350 0.373420 0.390116 0.579100 0.419576 0.399654 0.492362 0.561685 0.551194 0.410533 0.626325 0.440185 0.326452 0.592448 0.563281 0.502667 0.340712 0.500904 0.367439 0.403903 0.362190 0.411681 0.480097
457 33 771 72 144 1 30 0.402875 0.594810 0.584858 0.515363 0.449473 0.440225 0.418371 0.393756 0.440916 0.530326 0.559861 0.373252 0.473764 0.306773 0.491994 0.573142 0.539383 0.477768 0.508473 0.479755 0.505075 0.644940 0.632641 0.468270 0.522353 0.549895 0.558393 0.559041 0.504751 0.480594 0.499370
458 33 767 72 144 1 30 0.500632 0.499945 0.575048 0.428652 0.521069 0.471465 0.454517 0.522100 0.481640 0.473423 0.472887 0.458630 0.426080 0.335824 0.486663 0.529930 0.408506 0.596153 0.570547 0.558360 0.532446 0.455428 0.439855 0.336197 0.434780 0.487409 0.497337 0.493153 0.492915 0.602998 0.484820
459 33 759 72 144 1 30 0.492520 0.482384 0.364091 0.635332 0.609243 0.621385 0.453732 0.365189 0.492892 0.475854 0.533490 0.486200 0.520721 0.468469 0.502528 0.495368 0.627324 0.597483 0.495849 0.467924 0.424412 0.620999 0.415220 0.674860 0.408051 0.547975 0.446863 0.344437 0.432271 0.504264 0.500244
460 33 773 72 144 1 30 0.343945 0.479647 0.573039 0.491894 0.526051 0.450977 0.363822 0.503429 0.399317 0.487275 0.497488 0.562491 0.353782 0.567126 0.552668 0.513742 0.373370 0.649506 0.626759 0.473879 0.535225 0.487587 0.551015 0.446180 0.406663 0.617535 0.386343 0.475246 0.477629 0.357891 0.484384
461 33 761 72 144 1 30 0.455669 0.639047 0.424738 0.514376 0.482776 0.581991 0.410144 0.509644 0.442870 0.618059 0.306735 0.372789 0.593733 0.445742 0.496502 0.372713 0.493558 0.661216 0.622448 0.498692 0.379985 0.491751 0.610292 0.524911 0.659462 0.590673 0.640447 0.443689 0.512078 0.605839 0.513419
462 33 762 72 144 1 30 0.578141 0.462628 0.536279 0.505415 0.536967 0.585234 0.518844 0.540652 0.575481 0.566822 0.440085 0.578322 0.486306 0.447564 0.630683 0.455066 0.653319 0.673638 0.364054 0.519267 0.574039 0.443567 0.581364 0.511323 0.588461 0.432349 0.640790 0.492738 0.410728 0.388813 0.523965
463 33 763 72 144 1 30 0.508628 0.470410 0.556480 0.483148 0.462779 0.380563 0.413998 0.496199 0.624322 0.372840 0.458482 0.605896 0.486681 0.578365 0.411012 0.494561 0.349474 0.629343 0.397253 0.437312 0.601656 0.498365 0.642224 0.518544 0.480071 0.590255 0.451385 0.523495 0.414854 0.412851 0.491715
464 33 766 72 144 1 30 0.461776 0.473631 0.381426 0.381041 0.572311 0.326061 0.508244 0.498524 0.385937 0.651059 0.576096 0.532183 0.674446 0.312922 0.419188 0.403338 0.663890 0.471293 0.541422 0.582274 0.469056 0.514959 0.356872 0.607428 0.462516 0.355816 0.517323 0.669255 0.524356 0.580478 0.495837
465 33 768 72 144 1 30 0.424016 0.416597 0.476831 0.677163 0.392753 0.519638 0.524600 0.505287 0.584001 0.450850 0.372079 0.522499 0.444217 0.531113 0.545066 0.387690 0.522570 0.542274 0.350623 0.591246 0.536295 0.543772 0.576800 0.469411 0.501783 0.453272 0.546548 0.479130 0.575731 0.437150 0.496700
466 33 770 72 144 1 30 0.664899 0.457309 0.461644 0.438761 0.409076 0.411434 0.379726 0.518381 0.397044 0.392811 0.489509 0.409298 0.376651 0.564462 0.541943 0.516538 0.549971 0.486619 0.399043 0.531314 0.632223 0.510711 0.518379 0.629253 0.429544 0.494572 0.352028 0.411904 0.423770 0.372694 0.472384
467 33 774 72 144 1 30 0.350104 0.591581 0.442037 0.422168 0.499523 0.534671 0.478323 0.547459 0.460892 0.403113 0.461718 0.648384 0.483815 0.458692 0.617777 0.513789 0.545043 0.324395 0.568305 0.639528 0.482384 0.497361 0.669496 0.408873 0.603758 0.438571 0.521994 0.641391 0.613887 0.550543 0.513986
468 33 772 72 144 1 30 0.482838 0.564607 0.528311 0.548043 0.573575 0.472748 0.314798 0.496530 0.581450 0.500215 0.429942 0.463099 0.534752 0.554823 0.500999 0.506272 0.606015 0.677428 0.523924 0.523869 0.486534 0.636639 0.573597 0.490778 0.550095 0.509658 0.507915 0.560221 0.359675 0.463121 0.517416
469 33 764 72 144 1 30 0.480518 0.527267 0.570954 0.494837 0.601302 0.624660 0.617105 0.523084 0.435925 0.458790 0.519090 0.489583 0.454992 0.533160 0.355649 0.435491 0.612538 0.442588 0.445703 0.506246 0.356952 0.638038 0.489578 0.478209 0.485475 0.642476 0.574267 0.447955 0.578156 0.509537 0.511004
470 33 1367 72 144 8 160 0.482594 0.500351 0.638419 0.571822 0.530299 0.456513 0.521169 0.363997 0.670158 0.430664 0.535389 0.451673 0.396279 0.437064 0.670711 0.512544 0.462133 0.509225 0.426572 0.541276 0.379838 0.531915 0.634626 0.340685 0.401932 0.558412 0.443720 0.534460 0.537966 0.482335 0.498491
471 33 769 72 144 1 30 0.613261 0.427779 0.414510 0.388365 0.626104 0.457351 0.508651 0.509985 0.374076 0.662920 0.599291 0.591568 0.316317 0.438435 0.566933 0.571759 0.633285 0.647194 0.395235 0.490009 0.398565 0.563179 0.567196 0.492935 0.398832 0.537027 0.449211 0.381618 0.570077 0.468105 0.501992
472 33 777 72 144 1 30 0.476155 0.423061 0.633632 0.551761 0.615582 0.525723 0.650541 0.563320 0.674897 0.413945 0.465433 0.504467 0.542400 0.424634 0.673337 0.560663 0.467662 0.464968 0.476472 0.560503 0.391025 0.502500 0.577300 0.430341 0.423335 0.529704 0.565379 0.557939 0.373158 0.676373 0.523207
473 33 782 72 144 1 30 0.434685 0.534356 0.616517 0.498872 0.564601 0.476017 0.530891 0.426210 0.357941 0.490349 0.317255 0.468623 0.668583 0.627292 0.532362 0.482326 0.585989 0.650671 0.594931 0.382571 0.587937 0.519922 0.512685 0.396538 0.404219 0.498866 0.682417 0.551920 0.465095 0.526783 0.512914
474 33 760 72 144 1 30 0.350975 0.585188 0.459265 0.458002 0.580724 0.453219 0.593664 0.366280 0.454972 0.646393 0.404659 0.443745 0.474260 0.410648 0.464910 0.481555 0.377148 0.506291 0.377517 0.457069 0.454873 0.342645 0.661274 0.461927 0.548158 0.597826 0.625925 0.521766 0.591030 0.470301 0.487407
475 33 776 72 144 1 30 0.387250 0.445382 0.463410 0.605515 0.420870 0.430326 0.573626 0.436094 0.448732 0.587383 0.510307 0.508439 0.593888 0.577224 0.510039 0.516122 0.542642 0.454196 0.510763 0.454284 0.608491 0.559231 0.357088 0.619421 0.483340 0.534567 0.446710 0.364531 0.374161 0.636115 0.498672
476 33 780 72 144 1 30 0.518518 0.392446 0.495341 0.493747 0.469971 0.508577 0.445405 0.519081 0.512637 0.571659 0.380998 0.416062 0.532306 0.514315 0.596730 0.528149 0.336710 0.432187 0.547202 0.416403 0.641548 0.595626 0.501946 0.671221 0.320565 0.504649 0.447869 0.571832 0.566213 0.422491 0.495747
477 33 778 72 144 1 30 0.509750 0.368918 0.429925 0.536754 0.424088 0.505636 0.465956 0.479893 0.519062 0.615500 0.451700 0.441147 0.592721 0.399859 0.483352 0.532271 0.499535 0.657872 0.480121 0.423666 0.442249 0.401268 0.421444 0.530488 0.397970 0.537771 0.402936 0.356714 0.687818 0.557138 0.485118
478 33 786 72 144 1 40 0.553372 0.541020 0.403136 0.432102 0.643009 0.515517 0.533112 0.549597 0.583371 0.333178 0.392500 0.428478 0.407474 0.551491 0.569034 0.597550 0.461273 0.481356 0.534959 0.540079 0.488343 0.426980 0.529132 0.428618 0.468090 0.598000 0.593459 0.535635 0.497972 0.636215 0.508468
479 33 779 72 144 1 30 0.487072 0.442017 0.486181 0.412643 0.567756 0.584654 0.558105 0.504917 0.427700 0.393986 0.451581 0.450585 0.419016 0.564075 0.494573 0.562198 0.372274 0.490668 0.455742 0.433960 0.426783 0.595634 0.586675 0.645969 0.446871 0.496031 0.487217 0.403339 0.567639 0.531529 0.491580
480 33 781 72 144 1 30 0.475404 0.667128 0.510632 0.530740 0.407589 0.446335 0.472240 0.442776 0.388920 0.594930 0.503324 0.457535 0.479714 0.370975 0.641454 0.392572 0.610011 0.442014 0.439798 0.641813 0.625904 0.592613 0.515482 0.622247 0.620919 0.527378 0.657528 0.316422 0.642465 0.461834 0.516623
481 33 765 72 144 1 30 0.542428 0.511081 0.514086 0.310809 0.424393 0.393152 0.456547 0.562643 0.441751 0.574970 0.518053 0.527686 0.537479 0.643896 0.513499 0.468970 0.474338 0.526707 0.606301 0.461174 0.593340 0.468969 0.561126 0.506606 0.498625 0.485650 0.512903 0.542451 0.390859 0.608753 0.505975
482 33 783 72 144 1 30 0.436031 0.596676 0.428050 0.481628 0.682013 0.376212 0.540240 0.656116 0.487890 0.404200 0.555231 0.432203 0.388026 0.443236 0.619107 0.480917 0.673642 0.531008 0.606107 0.607524 0.386479 0.621804 0.523767 0.386492 0.441511 0.520740 0.557569 0.629727 0.438913 0.495144 0.514273
483 33 784 72 144 1 30 0.448884 0.415599 0.560666 0.552668 0.623177 0.497899 0.675111 0.572163 0.605118 0.389485 0.500741 0.435449 0.515756 0.302726 0.544149 0.627698 0.559523 0.511593 0.414645 0.555473 0.660711 0.514896 0.536856 0.424111 0.580774 0.436885 0.360136 0.419797 0.582451 0.425744 0.508363
484 33 785 72 144 1 40 0.453623 0.370014 0.489624 0.525334 0.350192 0.551877 0.551423 0.471264 0.560455 0.561752 0.585020 0.485865 0.541992 0.584629 0.412807 0.473916 0.417090 0.353013 0.418354 0.587896 0.483381 0.382378 0.412262 0.376531 0.482220 0.486466 0.545000 0.415305 0.548659 0.548665 0.480900
485 33 775 72 144 1 30 0.603596 0.506271 0.610967 0.519264 0.644785 0.517928 0.462493 0.490380 0.582962 0.519838 0.535201 0.431328 0.489538 0.417349 0.585699 0.488696 0.458929 0.522525 0.623169 0.572973 0.585326 0.425306 0.453762 0.565110 0.492846 0.385335 0.517003 0.572439 0.400709 0.365600 0.511578
486 33 1298 72 144 7.2 216 0.554949 0.506825 0.593108 0.512397 0.477675 0.532586 0.548329 0.578906 0.365012 0.419931 0.600320 0.573175 0.438703 0.363723 0.593531 0.508934 0.377031 0.507959 0.381764 0.505080 0.386504 0.444538 0.510033 0.582735 0.359342 0.498093 0.586123 0.405721 0.570394 0.544765 0.494273
487 33 1307 72 144 7.2 216 0.384562 0.408746 0.488116 0.483766 0.528852 0.380078 0.561476 0.492021 0.540335 0.675920 0.464361 0.351463 0.330371 0.346752 0.536264 0.344007 0.576581 0.349273 0.460623 0.560733 0.576056 0.517976 0.381306 0.423425 0.638739 0.388661 0.568440 0.507965 0.472404 0.569605 0.476963
488 33 1367 72 144 8 160 0.558147 0.522207 0.550127 0.669541 0.458201 0.538056 0.571841 0.500806 0.452279 0.452876 0.412880 0.509375 0.408791 0.537063 0.508170 0.451574 0.504495 0.563761 0.409755 0.581461 0.452047 0.526024 0.358282 0.474229 0.356839 0.486481 0.345827 0.520938 0.314955 0.444578 0.481387
489 33 1303 72 144 7.2 216 0.440175 0.466217 0.465285 0.470051 0.503204 0.506100 0.480041 0.513024 0.437347 0.409279 0.446809 0.435010 0.460410 0.535397 0.471163 0.580527 0.568894 0.473280 0.357878 0.548815 0.526799 0.365138 0.428970 0.481148 0.592678 0.512013 0.525207 0.569317 0.336872 0.526656 0.481123
490 33 1300 72 144 7.2 216 0.529412 0.629913 0.622356 0.421578 0.371841 0.446372 0.361310 0.398959 0.477014 0.585073 0.399705 0.511489 0.505946 0.319943 0.526929 0.443850 0.593022 0.419145 0.635779 0.499689 0.625649 0.503158 0.473917 0.562553 0.505747 0.371647 0.446369 0.411305 0.372405 0.544217 0.483876
491 33 1294 72 144 7.2 216 0.525432 0.453662 0.416917 0.514834 0.537395 0.553181 0.480586 0.412638 0.439346 0.483259 0.549532 0.471641 0.551738 0.505747 0.430805 0.457375 0.566822 0.381077 0.599380 0.580681 0.452742 0.662273 0.476608 0.468446 0.558662 0.560762 0.596568 0.358185 0.479617 0.435375 0.498709
492 33 1295 72 144 7.2 216 0.538941 0.464907 0.540798 0.453319 0.642881 0.615825 0.343141 0.382271 0.473729 0.481371 0.449610 0.452473 0.515763 0.578253 0.501046 0.619032 0.564955 0.553243 0.471668 0.511552 0.500194 0.419484 0.662370 0.462862 0.653075 0.493015 0.583984 0.370160 0.542078 0.354802 0.506560
493 33 1296 72 144 7.2 216 0.541716 0.367837 0.591544 0.438222 0.618262 0.429286 0.562900 0.468538 0.582876 0.443587 0.458764 0.547390 0.477701 0.433230 0.406364 0.390410 0.386983 0.521082 0.505313 0.550669 0.569577 0.509082 0.522564 0.426054 0.519627 0.528157 0.425854 0.431691 0.479999 0.460753 0.486534
494 33 1297 72 144 7.2 216 0.434378 0.602998 0.592227 0.551235 0.640813 0.619071 0.523790 0.500980 0.560974 0.461850 0.476486 0.492190 0.500137 0.480488 0.510802 0.595699 0.606973 0.329219 0.421599 0.580116 0.685203 0.348496 0.392410 0.566923 0.394663 0.401156 0.520489 0.622193 0.439824 0.473733 0.510904
495 33 1293 72 144 7.2 216 0.494376 0.545815 0.445296 0.450638 0.659014 0.397857 0.551616 0.482321 0.315682 0.525887 0.430752 0.471559 0.571029 0.403509 0.368085 0.457792 0.375319 0.399267 0.505261 0.564905 0.451482 0.508006 0.434416 0.478214 0.495417 0.586181 0.518133 0.560435 0.480506 0.416825 0.478187
496 33 1304 72 144 7.2 216 0.551125 0.631648 0.522589 0.501174 0.376682 0.490009 0.463754 0.482925 0.385895 0.627214 0.543902 0.593146 0.453349 0.503976 0.480499 0.557774 0.583238 0.528065 0.566739 0.464315 0.498469 0.477876 0.486627 0.570611 0.360899 0.543459 0.396545 0.401503 0.567428 0.337914 0.498312
497 33 1306 72 144 7.2 216 0.358075 0.424238 0.672083 0.504093 0.427493 0.476769 0.603892 0.384086 0.598505 0.346707 0.410993 0.490920 0.460095 0.557217 0.389418 0.418493 0.432243 0.609443 0.468712 0.579136 0.501823 0.421129 0.514968 0.497056 0.589522 0.484277 0.512676 0.611645 0.525915 0.664133 0.497858
498 33 1308 72 144 7.2 216 0.583859 0.452421 0.645689 0.396262 0.455950 0.511221 0.571567 0.665529 0.567408 0.465556 0.437819 0.595246 0.616441 0.554854 0.505806 0.480545 0.430219 0.531509 0.524389 0.399654 0.390543 0.472177 0.542801 0.338004 0.580755 0.501485 0.676660 0.516881 0.372022 0.452145 0.507847
499 33 1302 72 144 7.2 216 0.515411 0.627868 0.548911 0.490391 0.442897 0.575847 0.479523 0.520635 0.515130 0.632230 0.483464 0.526676 0.576087 0.597855 0.534295 0.583478 0.530707 0.561290 0.557457 0.538980 0.561749 0.592001 0.384690 0.504493 0.407771 0.568404 0.516540 0.529536 0.514261 0.408418 0.527566
500 33 1301 72 144 7.2 216 0.513525 0.453469 0.565033 0.605064 0.514416 0.571096 0.592980 0.638870 0.606422 0.393104 0.586576 0.575767 0.433575 0.567494 0.566215 0.485445 0.513220 0.643877 0.366195 0.526154 0.342859 0.511938 0.411356 0.530351 0.491245 0.482801 0.606880 0.530751 0.417954 0.431425 0.515869
501 33 1299 72 144 7.2 216 0.512738 0.679393 0.435088 0.522626 0.461438 0.535694 0.614144 0.532713 0.609899 0.504083 0.534412 0.512629 0.337416 0.579592 0.450918 0.315677 0.466056 0.480549 0.535947 0.661631 0.611569 0.513724 0.486365 0.348941 0.574967 0.568570 0.480273 0.562335 0.509107 0.408300 0.511560
502 33 1305 72 144 7.2 216 0.535299 0.386486 0.510393 0.515157 0.466064 0.528036 0.621750 0.431646 0.512766 0.576304 0.388658 0.583592 0.602959 0.563323 0.575817 0.458416 0.464159 0.621936 0.398055 0.588039 0.566499 0.478588 0.409161 0.518365 0.565284 0.590369 0.447486 0.610108 0.592162 0.584252 0.523038
503 33 685 72 144 7.2 144 0.414628 0.559240 0.308846 0.536958 0.502799 0.521202 0.613902 0.476474 0.688841 0.396658 0.659652 0.475997 0.427140 0.380605 0.424365 0.523793 0.581193 0.581113 0.345153 0.633875 0.473249 0.366925 0.532259 0.380052 0.527921 0.376505 0.555150 0.365923 0.480619 0.419059 0.484337
504 33 684 72 144 7.2 144 0.527846 0.425188 0.517235 0.488322 0.481358 0.407200 0.553024 0.432819 0.449613 0.336680 0.499052 0.488190 0.450067 0.413952 0.548822 0.489531 0.405728 0.479604 0.595316 0.537863 0.520292 0.466024 0.511419 0.385823 0.598984 0.551673 0.582019 0.621427 0.621560 0.662034 0.501622
505 33 1367 72 144 8 160 0.513543 0.626507 0.373099 0.566655 0.342647 0.628768 0.538664 0.444996 0.651253 0.425997 0.490550 0.384469 0.403021 0.625912 0.469205 0.625494 0.427316 0.617936 0.479179 0.493327 0.623667 0.492718 0.428037 0.682361 0.614041 0.539509 0.379294 0.414327 0.474317 0.432324 0.506971
506 33 683 72 144 7.2 144 0.483717 0.581735 0.659547 0.459438 0.493438 0.509446 0.656579 0.473432 0.423414 0.489207 0.606791 0.509252 0.456741 0.519457 0.551942 0.416170 0.516437 0.361829 0.595740 0.453367 0.358652 0.579157 0.485722 0.450933 0.365054 0.490103 0.540513 0.584069 0.478518 0.506957 0.501912
507 33 691 72 144 7.2 144 0.623939 0.612842 0.556032 0.499932 0.502696 0.617621 0.377552 0.584746 0.530074 0.601281 0.608029 0.518670 0.582466 0.390482 0.424382 0.503923 0.654112 0.417173 0.509448 0.554274 0.498254 0.553365 0.522573 0.436781 0.484612 0.582130 0.599893 0.508033 0.600659 0.589755 0.534858
508 33 690 72 144 7.2 144 0.419069 0.540383 0.459610 0.348297 0.435324 0.558655 0.643267 0.342819 0.569037 0.518586 0.550115 0.485189 0.540186 0.678962 0.490489 0.545109 0.479479 0.629683 0.437390 0.480019 0.567301 0.408275 0.571129 0.470900 0.313421 0.508296 0.382147 0.587104 0.420150 0.527762 0.496939
509 33 689 72 144 7.2 144 0.461961 0.412860 0.674941 0.539687 0.534968 0.334447 0.463720 0.670165 0.629040 0.541696 0.479985 0.409669 0.376348 0.532979 0.629045 0.376291 0.514661 0.461838 0.478422 0.491149 0.519816 0.356167 0.519032 0.565114 0.446565 0.485464 0.523130 0.452001 0.509574 0.335963 0.490890
510 33 688 72 144 7.2 144 0.412548 0.607124 0.354982 0.462698 0.352085 0.522274 0.552932 0.535638 0.508643 0.655287 0.520718 0.542877 0.501478 0.452805 0.401976 0.603043 0.464371 0.554515 0.502456 0.527841 0.532017 0.450616 0.490129 0.509357 0.491392 0.576796 0.616534 0.543867 0.487916 0.468982 0.506797
511 33 686 72 144 7.2 144 0.419680 0.608434 0.479255 0.476748 0.425216 0.564090 0.534284 0.345798 0.524634 0.448297 0.567410 0.645980 0.371264 0.527447 0.653833 0.498977 0.506547 0.475379 0.409514 0.526481 0.617692 0.501164 0.549944 0.410965 0.584792 0.460029 0.516001 0.498778 0.558512 0.570548 0.509256
512 33 694 72 144 7.2 144 0.506535 0.540391 0.307237 0.531133 0.540586 0.571130 0.471740 0.543924 0.603261 0.535944 0.597155 0.560162 0.476670 0.552403 0.462942 0.491130 0.355365 0.538262 0.415903 0.610453 0.418628 0.557584 0.591365 0.446512 0.420849 0.504774 0.491976 0.477554 0.405964 0.582176 0.503657
513 33 1561 72 144 7.2 216 0.523679 0.421882 0.440463 0.637800 0.540884 0.555601 0.589273 0.570242 0.583487 0.433326 0.631068 0.509460 0.611239 0.515088 0.390820 0.479978 0.444424 0.541121 0.618023 0.422181 0.561869 0.550982 0.626331 0.419297 0.633682 0.476426 0.649902 0.417254 0.634313 0.433162 0.528775
514 33 687 72 144 7.2 144 0.543692 0.465729 0.522898 0.541618 0.390430 0.594340 0.630476 0.392178 0.547846 0.471868 0.345307 0.531672 0.503824 0.640845 0.636488 0.512103 0.335364 0.460110 0.497539 0.540026 0.581632 0.433927 0.424631 0.527519 0.397971 0.538861 0.502477 0.516036 0.623224 0.395162 0.501526
515 33 695 72 144 7.2 144 0.496208 0.496825 0.361247 0.504356 0.546295 0.517129 0.446733 0.354911 0.586356 0.429672 0.456864 0.461306 0.490510 0.461683 0.461930 0.392616 0.552740 0.471140 0.604543 0.579182 0.495111 0.588960 0.504967 0.438029 0.484662 0.591026 0.360526 0.643290 0.445809 0.589223 0.493795
516 33 1562 72 144 7.2 216 0.544340 0.531077 0.393426 0.637000 0.571145 0.353060 0.468252 0.491130 0.524665 0.635487 0.398798 0.519276 0.494502 0.369364 0.553713 0.402619 0.495553 0.447426 0.401892 0.588538 0.505430 0.592838 0.466929 0.414119 0.404633 0.462701 0.576419 0.576515 0.485073 0.368334 0.489142
517 33 1560 72 144 7.2 216 0.461110 0.565219 0.501292 0.571096 0.489690 0.488085 0.454570 0.415789 0.498537 0.464412 0.464265 0.556001 0.537351 0.508448 0.464812 0.518522 0.646735 0.572439 0.459330 0.548389 0.524193 0.419256 0.401547 0.642038 0.615377 0.649115 0.577499 0.485064 0.463045 0.404355 0.512253
518 33 1559 72 144 7.2 216 0.590826 0.603042 0.358566 0.574023 0.472628 0.435521 0.532033 0.436261 0.642354 0.402422 0.600953 0.603288 0.582382 0.573292 0.597427 0.374427 0.321109 0.464907 0.351992 0.427778 0.528654 0.511436 0.420714 0.389608 0.455759 0.590866 0.505021 0.475058 0.518106 0.680202 0.500689
519 33 1558 72 144 7.2 216 0.498117 0.499917 0.590580 0.672378 0.433292 0.489527 0.529664 0.487843 0.636412 0.531037 0.409437 0.322566 0.471183 0.503087 0.555431 0.415831 0.471775 0.429352 0.642514 0.505234 0.575223 0.417601 0.508870 0.578791 0.554961 0.423426 0.370945 0.426548 0.407037 0.587276 0.498195
520 33 700 72 144 7.2 144 0.323806 0.456172 0.386072 0.473702 0.325479 0.384783 0.439928 0.444884 0.413190 0.549679 0.492496 0.344023 0.414912 0.494249 0.503772 0.383471 0.491003 0.569439 0.610491 0.495975 0.460212 0.557684 0.470455 0.527428 0.496740 0.474106 0.595210 0.631963 0.461353 0.525326 0.473267
521 33 699 72 144 7.2 144 0.502198 0.565990 0.537466 0.490488 0.610402 0.511066 0.552910 0.477199 0.510131 0.420550 0.487518 0.398358 0.493654 0.371174 0.541882 0.425959 0.569528 0.552570 0.622952 0.533963 0.648324 0.641138 0.623104 0.461449 0.417488 0.515967 0.513855 0.524457 0.556054 0.602659 0.522682
522 33 698 72 144 7.2 144 0.640228 0.553796 0.573320 0.534409 0.517830 0.530379 0.437484 0.510402 0.437537 0.415434 0.533463 0.545720 0.439863 0.516175 0.608140 0.427495 0.511521 0.456987 0.482839 0.497809 0.531384 0.554980 0.603049 0.432323 0.576143 0.452274 0.631823 0.514753 0.444510 0.442519 0.511820
523 33 697 72 144 7.2 144 0.576960 0.565815 0.523640 0.551684 0.420153 0.489066 0.581634 0.594402 0.487360 0.422244 0.418095 0.374770 0.366596 0.440425 0.611038 0.493600 0.505475 0.499540 0.394874 0.498056 0.608516 0.461710 0.516605 0.512024 0.617529 0.439435 0.409266 0.577467 0.559358 0.388795 0.496871
524 33 696 72 144 7.2 144 0.571387 0.478243 0.570566 0.595302 0.509838 0.417734 0.603407 0.445688 0.511153 0.522592 0.630560 0.604011 0.503760 0.501187 0.514295 0.467168 0.429795 0.555773 0.546365 0.472556 0.502888 0.421542 0.529689 0.477617 0.369789 0.586107 0.558750 0.685988 0.563932 0.427120 0.519160
525 33 693 72 144 7.2 144 0.449166 0.455462 0.621283 0.531574 0.578237 0.592366 0.515360 0.393587 0.372888 0.585173 0.414194 0.429631 0.552476 0.609907 0.597080 0.342746 0.409258 0.516084 0.567100 0.552967 0.518204 0.466913 0.343845 0.455638 0.495544 0.533568 0.554376 0.424210 0.523836 0.425326 0.494267
526 33 692 72 144 7.2 144 0.319824 0.482337 0.493927 0.429743 0.519664 0.386223 0.648943 0.407772 0.362236 0.409884 0.410195 0.428762 0.397192 0.541706 0.545184 0.491905 0.493195 0.535120 0.365424 0.522425 0.557458 0.384492 0.394957 0.479487 0.401785 0.420235 0.398369 0.550781 0.488995 0.551137 0.460645
527 33 1454 72 144 7.2 216 0.535493 0.622815 0.561422 0.626462 0.425842 0.526328 0.552944 0.354423 0.514934 0.485785 0.464271 0.507365 0.535158 0.490860 0.600752 0.577121 0.566328 0.391051 0.562700 0.450212 0.389648 0.450851 0.570335 0.540762 0.526875 0.406061 0.464233 0.326446 0.536274 0.662036 0.507526
528 33 1367 72 144 3.3 66 0.409591 0.451450 0.401512 0.586860 0.519202 0.545242 0.471284 0.649148 0.550755 0.586738 0.372673 0.556365 0.533905 0.575216 0.431032 0.536770 0.520267 0.401273 0.543683 0.499310 0.336974 0.388167 0.650109 0.397427 0.448448 0.484144 0.469474 0.461651 0.471275 0.456702 0.490222
529 33 1452 72 144 7.2 216 0.622036 0.430234 0.346512 0.631597 0.605386 0.566890 0.345295 0.671858 0.625266 0.483839 0.470135 0.413826 0.435884 0.498969 0.369460 0.520906 0.370153 0.550024 0.646330 0.485736 0.594915 0.342313 0.435115 0.400591 0.450040 0.532691 0.611060 0.465503 0.444516 0.595714 0.498760
530 33 1455 72 144 7.2 144 0.582618 0.541116 0.530776 0.433218 0.547772 0.451117 0.441336 0.399878 0.524760 0.614200 0.480120 0.499276 0.617154 0.530256 0.471713 0.607498 0.457037 0.372046 0.488215 0.539269 0.687477 0.472504 0.484428 0.417467 0.440313 0.495872 0.392271 0.585727 0.441732 0.486373 0.501118
531 33 1451 72 144 7.2 144 0.394047 0.511308 0.564105 0.572645 0.502857 0.355664 0.346170 0.615842 0.571168 0.511075 0.389611 0.478581 0.562434 0.384844 0.413798 0.503283 0.509081 0.503399 0.577472 0.537567 0.489264 0.408860 0.349382 0.550278 0.654570 0.546196 0.492552 0.425055 0.358276 0.490360 0.485658
532 33 1453 72 144 7.2 216 0.440429 0.492239 0.435407 0.379854 0.361837 0.598110 0.469970 0.506236 0.448472 0.454980 0.573834 0.418315 0.546134 0.344533 0.513481 0.420574 0.506442 0.505706 0.468602 0.484588 0.485361 0.442481 0.348731 0.398182 0.320913 0.426163 0.537778 0.598874 0.426607 0.479461 0.461143
533 21 1367 72 240 7.2 144 0.580865 0.619729 0.487505 0.442610 0.487077 0.477454 0.581069 0.379465 0.517824 0.504985 0.583619 0.544946 0.494937 0.350663 0.659823 0.479552 0.484513 0.457633 0.462562 0.518741 0.560027 0.571970 0.363610 0.518564 0.536669 0.399729 0.442075 0.339646 0.533892 0.517915 0.496656
534 21 1031 72 216 7.2 288 0.508977 0.631576 0.373726 0.548978 0.560655 0.593387 0.528204 0.446849 0.315561 0.441221 0.685816 0.372542 0.568686 0.358170 0.523491 0.500368 0.576010 0.454306 0.583426 0.580572 0.624773 0.477764 0.522486 0.671292 0.530031 0.532197 0.426068 0.518962 0.541294 0.577907 0.519176
535 21 1031 72 216 7.2 288 0.474865 0.511648 0.453001 0.481304 0.474815 0.389253 0.431540 0.451434 0.362676 0.495937 0.445924 0.436616 0.418049 0.460579 0.421001 0.554939 0.648651 0.537453 0.520027 0.517323 0.616081 0.681389 0.488906 0.334247 0.548076 0.615653 0.414941 0.485642 0.669074 0.535154 0.495873
536 21 1367 72 240 7.2 144 0.345875 0.493343 0.503139 0.579938 0.508282 0.417142 0.384391 0.366286 0.412555 0.536380 0.346844 0.574541 0.527436 0.387214 0.625643 0.628733 0.632897 0.573252 0.437175 0.541090 0.558841 0.514865 0.520105 0.604063 0.567347 0.489437 0.408298 0.394639 0.656193 0.645242 0.506039
537 21 1165 72 240 7.2 288 0.553291 0.507647 0.527017 0.646770 0.624002 0.501650 0.578450 0.590968 0.651427 0.624145 0.607984 0.455978 0.405163 0.560812 0.490009 0.602093 0.468772 0.502647 0.623634 0.514762 0.487692 0.501374 0.487119 0.330376 0.417499 0.577320 0.444083 0.361203 0.494794 0.494582 0.521109
538 2 1367 72 192 7 140 0.386578 0.587783 0.587615 0.474413 0.382524 0.520151 0.385559 0.532179 0.381991 0.412368 0.606615 0.538591 0.518987 0.570838 0.521093 0.484060 0.612278 0.409704 0.552001 0.477111 0.632632 0.537587 0.589703 0.536191 0.363262 0.358743 0.468438 0.548575 0.443848 0.570531 0.499732
539 2 611 72 144 3 120 0.570421 0.484070 0.468430 0.359344 0.610373 0.530844 0.419006 0.450763 0.607810 0.542756 0.511997 0.463293 0.473755 0.392524 0.625709 0.516923 0.593790 0.534744 0.530572 0.420574 0.530294 0.603986 0.623177 0.545601 0.450477 0.523325 0.475210 0.441040 0.445556 0.523774 0.509005
540 7 1811 72 144 7.2 72 0.345273 0.490381 0.458087 0.371978 0.330483 0.512561 0.390426 0.406711 0.661246 0.468659 0.561450 0.581854 0.480362 0.508714 0.400023 0.500507 0.515364 0.570183 0.433267 0.507049 0.506651 0.500362 0.524291 0.602157 0.404865 0.443814 0.495862 0.672570 0.559400 0.488717 0.489776
541 7 1821 72 144 7.2 72 0.515772 0.484372 0.526389 0.371224 0.454893 0.430981 0.583277 0.518120 0.560483 0.551614 0.469174 0.560140 0.521045 0.578300 0.689338 0.599256 0.548933 0.392935 0.430643 0.550257 0.608105 0.465343 0.661026 0.359188 0.442692 0.511595 0.386900 0.463083 0.583401 0.341886 0.505346
542 7 1826 72 144 7.2 72 0.415091 0.613480 0.449243 0.455458 0.407571 0.399828 0.388255 0.459470 0.350252 0.424338 0.452093 0.347544 0.513929 0.479347 0.371094 0.560173 0.496823 0.615883 0.557879 0.565063 0.400708 0.443859 0.507800 0.559432 0.528067 0.509570 0.640958 0.552891 0.596578 0.492193 0.485162
543 22 539 72 504 0.5 20 0.510507 0.388045 0.379810 0.447206 0.503424 0.680561 0.569548 0.586769 0.526229 0.619560 0.527163 0.634998 0.509404 0.524836 0.507834 0.575025 0.441131 0.655508 0.477950 0.525311 0.487691 0.625333 0.474622 0.458076 0.607274 0.384992 0.464993 0.444560 0.458381 0.535053 0.517726
544 22 1407 72 504 6 240 0.394083 0.524204 0.550972 0.539881 0.368462 0.541874 0.495501 0.470016 0.544306 0.474697 0.543735 0.467633 0.375038 0.379300 0.540693 0.370352 0.584250 0.507712 0.564735 0.575905 0.428730 0.458591 0.481282 0.547516 0.400305 0.502955 0.444196 0.472601 0.366820 0.497080 0.480447
545 22 1420 72 720 6 180 0.362707 0.519804 0.532986 0.455212 0.404264 0.506166 0.516776 0.419642 0.453184 0.473513 0.473215 0.596148 0.569009 0.555933 0.511692 0.486528 0.499500 0.363247 0.570132 0.444812 0.333888 0.570540 0.457669 0.484085 0.470690 0.560362 0.464904 0.607248 0.514789 0.568096 0.491558
546 33 325 72 240 0.8 24 0.457104 0.459733 0.432886 0.567715 0.575185 0.348076 0.402316 0.593056 0.471937 0.573171 0.600355 0.568327 0.592033 0.421433 0.483027 0.545235 0.365844 0.478099 0.463463 0.522967 0.435322 0.365543 0.543742 0.538821 0.413230 0.422225 0.418290 0.453392 0.645800 0.572938 0.491042
547 28 466 72 216 12.8 384 0.485080 0.602575 0.543526 0.494720 0.479162 0.562540 0.524108 0.476668 0.391063 0.418955 0.547459 0.389405 0.472629 0.653021 0.500673 0.641039 0.506797 0.503444 0.476237 0.369264 0.561578 0.659433 0.334657 0.494851 0.503281 0.478007 0.547939 0.674134 0.401134 0.599848 0.509774
548 28 466 72 216 12.8 384 0.417606 0.520117 0.631747 0.488486 0.569032 0.333009 0.574116 0.488916 0.678489 0.480787 0.445085 0.414581 0.577359 0.378046 0.553152 0.619761 0.365404 0.505838 0.435295 0.561356 0.495698 0.435048 0.466306 0.518615 0.475697 0.559304 0.362028 0.511131 0.654133 0.529251 0.501513
549 29 309 72 240 6.4 256 0.471696 0.445527 0.502831 0.457420 0.399360 0.511849 0.558912 0.500694 0.601471 0.470183 0.559265 0.636769 0.361416 0.538959 0.485308 0.456334 0.471447 0.533196 0.464570 0.407941 0.425478 0.602043 0.394405 0.633345 0.411055 0.548455 0.489198 0.564280 0.524450 0.554805 0.499422
550 29 309 72 240 6.4 256 0.657245 0.540544 0.525825 0.578542 0.382397 0.487273 0.565405 0.562641 0.439398 0.453224 0.530652 0.556407 0.497845 0.349562 0.597086 0.511339 0.474243 0.416522 0.376303 0.494881 0.548796 0.533881 0.369730 0.589291 0.522628 0.475960 0.440553 0.357760 0.462222 0.529200 0.494245
551 29 310 72 240 6.4 256 0.351537 0.523112 0.571260 0.435512 0.550116 0.500609 0.407639 0.526594 0.435481 0.589644 0.602469 0.330744 0.593356 0.595395 0.569720 0.555863 0.502962 0.549044 0.478065 0.494766 0.451421 0.612823 0.587772 0.466214 0.417388 0.442577 0.618411 0.640342 0.444680 0.484932 0.511015
552 29 310 72 240 6.4 256 0.581967 0.429697 0.507144 0.470090 0.372640 0.521734 0.431892 0.546267 0.510785 0.335293 0.541568 0.560186 0.573652 0.537401 0.438830 0.520168 0.408474 0.491101 0.500468 0.535336 0.599654 0.554492 0.574750 0.514075 0.484518 0.518083 0.502920 0.411357 0.604805 0.542672 0.504067
553 25 251 72 720 6.4 192 0.369812 0.676689 0.458620 0.516430 0.403090 0.495825 0.448119 0.489613 0.404892 0.473630 0.353985 0.384637 0.552731 0.520716 0.557929 0.474663 0.442164 0.446369 0.612620 0.583945 0.532357 0.519422 0.414100 0.437249 0.514100 0.390864 0.655987 0.665743 0.534962 0.499994 0.494375
554 25 251 72 720 12.8 384 0.477064 0.578975 0.632889 0.513792 0.663564 0.503446 0.502959 0.362850 0.516277 0.622089 0.415856 0.398438 0.578745 0.334529 0.435652 0.605751 0.336086 0.542943 0.475713 0.486327 0.395756 0.615166 0.501591 0.528274 0.537882 0.511981 0.574155 0.496132 0.475780 0.329939 0.498353
555 26 1213 72 240 4 160 0.381786 0.453746 0.472666 0.572520 0.451990 0.618646 0.437181 0.510904 0.624399 0.532638 0.530566 0.382488 0.502078 0.361556 0.496487 0.483552 0.558883 0.592749 0.530652 0.424896 0.457310 0.596600 0.518606 0.584089 0.570418 0.352816 0.426034 0.565269 0.336771 0.585214 0.497117
556 29 615 72 240 12 360 0.479839 0.420791 0.472060 0.578536 0.632744 0.638354 0.518523 0.487090 0.377218 0.339543 0.542274 0.486743 0.653048 0.537136 0.483757 0.385803 0.332301 0.532025 0.618093 0.454684 0.383207 0.384992 0.587119 0.676535 0.434103 0.450251 0.575988 0.508512 0.389698 0.524300 0.496176
557 29 646 72 432 6.4 192 0.621207 0.519220 0.565071 0.493790 0.504612 0.334692 0.565243 0.561496 0.485450 0.509892 0.453415 0.406142 0.506981 0.513982 0.526064 0.412891 0.522672 0.568824 0.505671 0.508153 0.511964 0.504049 0.529185 0.397289 0.505915 0.540533 0.530492 0.567815 0.376235 0.349505 0.496615
558 29 646 72 432 6.4 192 0.574414 0.485204 0.470416 0.588248 0.514387 0.609134 0.343242 0.519934 0.400600 0.632631 0.403034 0.602503 0.562596 0.469353 0.590189 0.528200 0.516111 0.583737 0.422236 0.334284 0.657836 0.510959 0.321623 0.632833 0.609368 0.471708 0.405527 0.376336 0.492039 0.463857 0.503085
559 29 647 72 432 6.4 192 0.458582 0.641579 0.491952 0.491190 0.546655 0.537757 0.405060 0.454090 0.521590 0.568564 0.387896 0.538253 0.585034 0.510564 0.449755 0.523037 0.519383 0.630698 0.486707 0.419005 0.406175 0.632487 0.463528 0.518371 0.489585 0.577090 0.602693 0.616772 0.445419 0.553415 0.515763
560 29 647 72 432 6.4 192 0.445987 0.402719 0.581108 0.466520 0.453271 0.497202 0.585112 0.459740 0.567185 0.400566 0.588617 0.406409 0.588488 0.471387 0.583554 0.547765 0.338012 0.554210 0.371201 0.478728 0.622717 0.609878 0.481110 0.637160 0.491699 0.430007 0.404312 0.589589 0.493908 0.419206 0.498912
561 29 649 72 432 6.4 192 0.414177 0.512381 0.462012 0.550633 0.569631 0.320113 0.384361 0.504076 0.633861 0.578947 0.420919 0.542227 0.549554 0.438671 0.404403 0.483234 0.476519 0.627315 0.622126 0.571888 0.472775 0.496259 0.368654 0.467674 0.512908 0.544569 0.635995 0.385541 0.515471 0.655033 0.504064
562 29 649 72 432 6.4 192 0.523460 0.588229 0.604463 0.393470 0.578767 0.383029 0.421961 0.380434 0.602066 0.556855 0.434882 0.578984 0.571608 0.365263 0.514422 0.426368 0.351247 0.375302 0.485513 0.458470 0.334300 0.641336 0.443227 0.545251 0.668983 0.383246 0.500838 0.568915 0.512762 0.461797 0.488515
563 31 1177 72 240 8 240 0.453111 0.576948 0.406151 0.513986 0.493561 0.519578 0.515194 0.596156 0.481576 0.402569 0.443413 0.641042 0.563176 0.481861 0.553768 0.642964 0.571324 0.502956 0.406302 0.494758 0.575028 0.577016 0.381310 0.611319 0.551771 0.375219 0.443615 0.360269 0.467761 0.512699 0.503880
564 31 1177 72 240 8 240 0.523540 0.433200 0.421054 0.493550 0.454083 0.651685 0.568447 0.552588 0.487158 0.504863 0.602556 0.439128 0.598553 0.410049 0.506080 0.480140 0.447786 0.509353 0.355798 0.485314 0.424501 0.509832 0.671331 0.683162 0.606617 0.625676 0.500677 0.509666 0.649146 0.459479 0.518834
565 32 288 72 144 7.2 72 0.435012 0.620571 0.572813 0.528098 0.590386 0.480198 0.405033 0.361601 0.463461 0.488789 0.488538 0.448782 0.363322 0.469731 0.525615 0.467914 0.470698 0.478228 0.428371 0.420921 0.581561 0.519793 0.508342 0.463293 0.563080 0.392581 0.498672 0.545039 0.553199 0.536558 0.489007
566 7 165 72 144 7.2 144 0.521134 0.605972 0.389322 0.381650 0.389495 0.567007 0.631533 0.387065 0.666870 0.339086 0.462119 0.453605 0.632135 0.540495 0.365717 0.545779 0.415997 0.343628 0.549557 0.472267 0.436765 0.579194 0.626335 0.544728 0.381564 0.419038 0.307211 0.381335 0.404013 0.487134 0.474258
567 7 1810 72 144 7.2 72 0.458429 0.571590 0.513643 0.598777 0.369005 0.412395 0.482796 0.577511 0.619488 0.379468 0.394231 0.431026 0.550193 0.421027 0.601413 0.648318 0.533790 0.541606 0.444119 0.528820 0.525102 0.350589 0.450338 0.640577 0.498457 0.562883 0.546165 0.588474 0.492602 0.510420 0.508108
568 13 107 72 288 1.5 30 0.625569 0.547238 0.518867 0.471151 0.347371 0.435823 0.558861 0.372533 0.327889 0.477239 0.641617 0.526113 0.650875 0.565200 0.331247 0.542527 0.516474 0.315503 0.466904 0.629396 0.601324 0.485129 0.501301 0.544753 0.561527 0.371783 0.508743 0.527225 0.615080 0.640275 0.507518
569 13 107 72 288 1.5 30 0.672411 0.464149 0.524586 0.607008 0.643322 0.469511 0.561426 0.439608 0.472928 0.513899 0.408262 0.470023 0.375186 0.368891 0.646151 0.514397 0.516176 0.531270 0.478389 0.485143 0.617058 0.581424 0.368580 0.509576 0.549568 0.495448 0.359389 0.543911 0.439036 0.495751 0.504083
570 14 128 72 288 3.7 74 0.446166 0.540055 0.549443 0.640952 0.535613 0.514587 0.452046 0.516927 0.645727 0.473198 0.434173 0.314911 0.498147 0.473661 0.589752 0.412134 0.462010 0.432050 0.528625 0.582848 0.376356 0.430389 0.474237 0.442858 0.610042 0.421209 0.391986 0.507592 0.421250 0.369942 0.482963
571 9 1 72 144 7.2 72 0.422236 0.634900 0.545716 0.409344 0.570162 0.456899 0.592673 0.374696 0.555011 0.350556 0.356451 0.608362 0.483686 0.539194 0.468800 0.321201 0.562684 0.508378 0.616825 0.502098 0.439420 0.410079 0.611842 0.384089 0.477219 0.432648 0.404338 0.623852 0.450091 0.539585 0.488435
572 9 2 72 144 7.2 144 0.641819 0.621785 0.491110 0.559782 0.682162 0.511635 0.662075 0.489978 0.593121 0.594436 0.383774 0.519649 0.519688 0.484065 0.415754 0.360943 0.638845 0.438642 0.537775 0.602966 0.572670 0.603977 0.406382 0.472057 0.504176 0.378861 0.492238 0.492534 0.344420 0.520186 0.517917
573 9 3 72 144 7.2 144 0.309370 0.488662 0.385245 0.465952 0.413878 0.548658 0.510417 0.420310 0.485785 0.641646 0.388983 0.572019 0.551826 0.416933 0.467946 0.615329 0.569058 0.504501 0.615082 0.551081 0.541607 0.513569 0.486276 0.565182 0.500628 0.430057 0.472378 0.510314 0.380773 0.518570 0.494735
574 42 1254 72 144 6.4 64 0.458227 0.558473 0.542588 0.493999 0.546111 0.386808 0.511535 0.359637 0.363463 0.675367 0.464844 0.437501 0.507122 0.576160 0.521983 0.431437 0.509735 0.473306 0.632239 0.501711 0.517109 0.610207 0.574686 0.448623 0.644463 0.457732 0.365373 0.387624 0.502802 0.415973 0.495895
575 42 787 72 144 6.4 64 0.559713 0.414022 0.365711 0.510516 0.524510 0.507470 0.526858 0.586398 0.435245 0.535680 0.411530 0.441975 0.448976 0.497439 0.449335 0.430053 0.402637 0.558383 0.505044 0.393683 0.483621 0.638999 0.469682 0.521662 0.425310 0.328577 0.400611 0.527328 0.332306 0.353752 0.466234
576 43 634 72 120 6.4 64 0.428952 0.363692 0.629066 0.544020 0.432368 0.402450 0.549518 0.499605 0.590633 0.400873 0.600325 0.439628 0.549761 0.357570 0.566387 0.402232 0.386504 0.463821 0.361342 0.442398 0.425552 0.540546 0.581637 0.465996 0.571329 0.435885 0.582757 0.491190 0.468727 0.611952 0.486224
577 41 239 72 96 6.4 64 0.387615 0.507598 0.402769 0.375386 0.342818 0.413807 0.520716 0.482365 0.603443 0.541454 0.556416 0.493840 0.473924 0.522939 0.594397 0.412826 0.558317 0.506276 0.397706 0.568899 0.445237 0.587625 0.556299 0.580393 0.373147 0.475977 0.413913 0.513987 0.573971 0.427444 0.487050
578 38 1367 72 144 6.4 128 0.397372 0.497352 0.500218 0.471323 0.511783 0.471715 0.587302 0.587371 0.613935 0.491938 0.559470 0.606587 0.475080 0.545191 0.625093 0.382031 0.502444 0.477475 0.470099 0.455743 0.451510 0.562324 0.442755 0.534115 0.487824 0.485792 0.659698 0.541219 0.522159 0.422822 0.511325
579 6 1852 72 960 7.2 216 0.434080 0.482610 0.326132 0.532006 0.473650 0.490497 0.401775 0.416256 0.403804 0.602867 0.396942 0.453758 0.408391 0.431588 0.481314 0.404860 0.582953 0.465776 0.533758 0.543904 0.446029 0.410020 0.539795 0.590510 0.529409 0.639973 0.506878 0.498594 0.666929 0.636990 0.491068
580 24 47 72 240 1 20 0.525117 0.555752 0.625330 0.408635 0.438594 0.457768 0.580220 0.382285 0.521290 0.540676 0.445236 0.426811 0.464642 0.438397 0.403529 0.647612 0.670775 0.635029 0.654488 0.422200 0.471028 0.367884 0.506429 0.434138 0.444428 0.427219 0.578423 0.576361 0.438819 0.379340 0.495615
581 28 494 72 720 6.6 198 0.584919 0.589851 0.505887 0.480148 0.472942 0.550005 0.471999 0.493268 0.552423 0.618092 0.513177 0.446578 0.462684 0.490480 0.518193 0.608311 0.572717 0.446493 0.564971 0.611225 0.529290 0.634878 0.469822 0.438544 0.472214 0.494358 0.593134 0.477319 0.625807 0.519922 0.526988
582 28 494 72 720 4.2 126 0.500559 0.645064 0.371320 0.429189 0.449762 0.379538 0.465712 0.472032 0.507228 0.614330 0.515108 0.622692 0.628921 0.618546 0.456550 0.383684 0.465334 0.561557 0.520210 0.460772 0.630690 0.515765 0.478230 0.588372 0.420573 0.591722 0.438428 0.490410 0.660846 0.404579 0.509591
583 33 410 72 240 1 10 0.471568 0.549642 0.668124 0.445793 0.475455 0.626856 0.451239 0.686424 0.639111 0.532827 0.517467 0.440801 0.609340 0.631274 0.578865 0.455177 0.459182 0.457212 0.549905 0.366835 0.513790 0.432668 0.564448 0.434464 0.644179 0.540167 0.338023 0.506952 0.541572 0.398785 0.517605
584 33 1367 72 240 7.2 144 0.630803 0.580652 0.619876 0.406617 0.398080 0.471665 0.510049 0.385967 0.626533 0.449894 0.411864 0.470352 0.650572 0.449495 0.608901 0.486107 0.613210 0.572724 0.444156 0.588337 0.532784 0.539678 0.362360 0.499443 0.530959 0.414403 0.532216 0.578630 0.345002 0.505894 0.507241
585 24 97 72 2232 16 640 0.572448 0.600125 0.580119 0.433436 0.488618 0.490361 0.516110 0.478954 0.460975 0.422736 0.493501 0.394435 0.615633 0.531645 0.361084 0.562361 0.545149 0.578440 0.577909 0.626477 0.370926 0.623880 0.471461 0.532448 0.534660 0.360419 0.345004 0.410266 0.592794 0.419392 0.499726
586 45 1367 72 144 6.4 128 0.401202 0.457274 0.459947 0.535700 0.633887 0.397945 0.346017 0.455209 0.649135 0.543105 0.399365 0.619240 0.562323 0.505904 0.527384 0.383352 0.677117 0.614412 0.426003 0.425894 0.526203 0.467586 0.411058 0.566005 0.418663 0.550560 0.521323 0.422143 0.552015 0.592648 0.501621
587 26 1230 72 240 7.2 288 0.568575 0.465884 0.550103 0.648123 0.467869 0.607588 0.534900 0.430601 0.437005 0.416267 0.530279 0.564607 0.488190 0.544903 0.423322 0.504493 0.522895 0.310674 0.470550 0.494665 0.543410 0.608088 0.583930 0.567897 0.434314 0.434651 0.484786 0.501461 0.652665 0.493813 0.509550
588 30 1519 72 240 7.2 288 0.385622 0.362581 0.656295 0.360373 0.422454 0.522717 0.569742 0.398303 0.501137 0.412568 0.591756 0.474616 0.388846 0.498271 0.411704 0.389343 0.531431 0.638129 0.660487 0.433345 0.645408 0.539444 0.528447 0.420958 0.384683 0.593804 0.536591 0.587506 0.486492 0.547017 0.496002
589 30 1516 72 144 7.2 288 0.444814 0.593992 0.567139 0.495648 0.461074 0.559644 0.402381 0.429559 0.650900 0.431663 0.542736 0.410550 0.638216 0.619822 0.501679 0.529059 0.559823 0.452849 0.684869 0.466399 0.672272 0.593441 0.513683 0.549628 0.536294 0.541338 0.594258 0.419545 0.642280 0.480006 0.532852
590 25 657 72 240 7.2 288 0.473673 0.580351 0.525170 0.676434 0.429943 0.534130 0.610655 0.439210 0.609265 0.570495 0.495712 0.573110 0.373031 0.532132 0.506417 0.447392 0.540921 0.498348 0.391451 0.437496 0.497092 0.458809 0.592957 0.636614 0.564995 0.533435 0.460987 0.332927 0.535074 0.432590 0.509694
591 25 882 72 240 7.2 216 0.475583 0.479174 0.367724 0.568713 0.536042 0.435422 0.582756 0.494633 0.470968 0.371138 0.553166 0.570618 0.360022 0.459605 0.514243 0.573282 0.628885 0.535000 0.471648 0.485066 0.550435 0.375906 0.513716 0.619160 0.465462 0.485098 0.336777 0.626977 0.385475 0.550574 0.494776
592 27 611 72 240 7.2 288 0.519429 0.430083 0.460260 0.509658 0.469175 0.421610 0.495379 0.306499 0.404724 0.442442 0.486461 0.412533 0.334536 0.526276 0.533154 0.387678 0.552749 0.384761 0.456839 0.631182 0.514867 0.559116 0.485472 0.634661 0.479674 0.506502 0.532016 0.480218 0.513752 0.504699 0.479213
593 30 893 72 240 7.2 216 0.431338 0.414882 0.498101 0.496748 0.379951 0.521549 0.564498 0.402704 0.533155 0.538742 0.347597 0.642829 0.543911 0.646211 0.507078 0.494968 0.509149 0.467909 0.587097 0.628429 0.631126 0.541239 0.610606 0.544638 0.457167 0.396037 0.385648 0.564343 0.462189 0.422760 0.505753
594 30 1014 72 288 7.2 216 0.639214 0.538040 0.569046 0.529573 0.420562 0.399876 0.360452 0.398408 0.374433 0.587631 0.565715 0.497239 0.473928 0.676654 0.513033 0.491017 0.620835 0.495947 0.547939 0.309760 0.483492 0.512653 0.477909 0.457273 0.536386 0.486603 0.479090 0.515045 0.519575 0.621697 0.503301
595 23 1726 72 384 7.2 288 0.604006 0.384393 0.578745 0.475649 0.466747 0.542679 0.351981 0.593380 0.351401 0.480379 0.468048 0.544831 0.493961 0.354871 0.555533 0.655325 0.513462 0.524833 0.645510 0.487910 0.393770 0.529118 0.532686 0.404825 0.544037 0.433489 0.428340 0.543724 0.519681 0.550071 0.498446
596 27 605 72 360 7.2 216 0.419748 0.467276 0.413670 0.413526 0.481885 0.428490 0.454844 0.668312 0.591677 0.524291 0.618105 0.525820 0.512296 0.514510 0.463805 0.477419 0.621312 0.481977 0.486467 0.454541 0.462581 0.444700 0.611063 0.621691 0.557264 0.456816 0.443499 0.376417 0.609088 0.523815 0.504230
597 46 1532 72 192 7.2 72 0.477881 0.624107 0.518691 0.559424 0.439272 0.546556 0.593313 0.448536 0.489924 0.434585 0.602396 0.600833 0.445271 0.505233 0.539008 0.534442 0.512673 0.408113 0.361802 0.462034 0.483331 0.522335 0.495352 0.627988 0.669441 0.537275 0.506750 0.564512 0.504528 0.593467 0.520303
598 21 1400 72 240 7.2 288 0.446863 0.441188 0.391043 0.325260 0.608007 0.514745 0.401622 0.542843 0.395976 0.495701 0.358891 0.461697 0.610217 0.503750 0.424166 0.528023 0.568659 0.472173 0.494446 0.517924 0.593847 0.400264 0.439838 0.358591 0.449168 0.486083 0.456048 0.624581 0.408952 0.523577 0.474805
599 47 531 72 144 7.2 72 0.513790 0.580991 0.406371 0.555030 0.468706 0.404445 0.395833 0.554079 0.492140 0.593594 0.595815 0.505838 0.519979 0.423390 0.517211 0.527490 0.586716 0.646217 0.511400 0.485525 0.575474 0.621361 0.523248 0.633296 0.444524 0.469823 0.454491 0.444049 0.461804 0.476156 0.512959
600 29 1106 96 264 12 480 0.382288 0.433513 0.508593 0.472276 0.604091 0.454045 0.421183 0.582975 0.412275 0.537704 0.404204 0.593407 0.424869 0.491315 0.421033 0.480350 0.534114 0.338695 0.436232 0.489897 0.516576 0.500889 0.543321 0.573824 0.478044 0.580519 0.583792 0.351123 0.570840 0.669770 0.493059
1 1 1 2232
2 2 2 2232
3 2 2 2232
4 2 2 2232
5 3 1 2232
6 4 1 2232
7 4 1 2232
8 5 1 2232
9 6 1 2232
10 6 1 2232
11 7 1 2232
12 7 1 2232
13 7 1 2232
14 7 1 2232
15 7 1 2232
16 7 1 2232
17 7 1 2232
18 7 1 2232
19 7 1 2232
20 8 2 2232
21 9 1 2232
22 10 2 2232
23 11 2 2232
24 12 2 2232
25 13 1 2232
26 14 2 2232
27 15 1 2232
28 16 2 2232
29 17 2 2232
30 18 2 2232
31 19 2 2232
32 19 2 2232
33 19 2 2232
34 20 1 2232
35 20 1 2232
36 20 1 2232
37 21 1 2232
38 21 1 2232
39 21 1 2232
40 21 1 2232
41 21 1 2232
42 21 1 2232
43 21 1 2232
44 21 1 2232
45 21 1 2232
46 21 1 2232
47 22 2 2232
48 22 2 2232
49 22 2 2232
50 22 2 2232
51 22 2 2232
52 22 2 2232
53 22 2 2232
54 22 2 2232
55 23 1 2232
56 24 2 2232
57 24 2 2232
58 25 2 2232
59 25 2 2232
60 25 2 2232
61 25 2 2232
62 25 2 2232
63 26 1 2232
64 26 1 2232
65 26 1 2232
66 26 1 2232
67 26 1 2232
68 26 1 2232
69 26 1 2232
70 26 1 2232
71 26 1 2232
72 27 1 2232
73 27 1 2232
74 27 1 2232
75 27 1 2232
76 27 1 2232
77 27 1 2232
78 27 1 2232
79 27 1 2232
80 27 1 2232
81 27 1 2232
82 27 1 2232
83 27 1 2232
84 28 1 2232
85 28 1 2232
86 28 1 2232
87 28 1 2232
88 28 1 2232
89 29 2 2232
90 29 2 2232
91 29 2 2232
92 29 2 2232
93 29 2 2232
94 29 2 2232
95 29 2 2232
96 29 2 2232
97 30 2 2232
98 30 2 2232
99 30 2 2232
100 30 2 2232
101 30 2 2232
102 31 2 2232
103 31 2 2232
104 31 2 2232
105 31 2 2232
106 31 2 2232
107 32 1 2232
108 33 2 2232
109 33 2 2232
110 33 2 2232
111 33 2 2232
112 33 2 2232
113 33 2 2232
114 33 2 2232
115 33 2 2232
116 33 2 2232
117 33 2 2232
118 33 2 2232
119 33 2 2232
120 33 2 2232
121 33 2 2232
122 33 2 2232
123 33 2 2232
124 33 2 2232
125 33 2 2232
126 33 2 2232
127 33 2 2232
128 33 2 2232
129 33 2 2232
130 33 2 2232
131 33 2 2232
132 33 2 2232
133 33 2 2232
134 33 2 2232
135 33 2 2232
136 33 2 2232
137 33 2 2232
138 33 2 2232
139 33 2 2232
140 33 2 2232
141 33 2 2232
142 33 2 2232
143 33 2 2232
144 33 2 2232
145 34 1 2232
146 34 1 2232
147 34 1 2232
148 35 2 2232
149 36 1 2232
150 37 1 2232
151 37 1 2232
152 38 2 2232
153 39 1 2232
154 39 1 2232
155 40 1 2232
156 41 2 2232
157 42 2 2232
158 42 2 2232
159 43 1 2232
160 44 1 2232
161 45 1 2232
162 45 1 2232
163 46 2 2232
164 47 1 2232
165 47 1 2232
